Row,Vine,Variety,flag color,values,ind,month
2,22,Albarino,yellow,43,W,May
2,23,Albarino,yellow,26,W,May
2,24,Albarino,yellow,35,W,May
2,25,Albarino,pink,37,W,May
3,2,Teroldego,red/orange,7,W,May
3,3,Teroldego,pink,37,W,May
3,4,Teroldego,yellow,53,W,May
3,5,Teroldego,pink,33,W,May
3,6,Teroldego,yellow,45,W,May
3,7,Sagrantino,pink,20,W,May
3,8,Sagrantino,yellow,15,W,May
3,9,Sagrantino,yellow,9,W,May
3,10,Sagrantino,red/orange,18,W,May
3,11,Sagrantino,yellow,10,W,May
3,12,Greco di Tufo,red/orange,0,W,May
3,13,Greco di Tufo,yellow,23,W,May
3,14,Greco di Tufo,pink,34,W,May
3,15,Greco di Tufo,yellow,27,W,May
3,16,Greco di Tufo,yellow,29,W,May
3,17,Tinta Francisca,red/orange,20,W,May
3,18,Tinta Francisca,red/orange,11,W,May
3,19,Tinta Francisca,yellow,3,W,May
3,20,Tinta Francisca,yellow,34,W,May
3,21,Tinta Francisca,pink,19,W,May
3,22,Petit Manseng,yellow,13,W,May
3,23,Petit Manseng,red/orange,0,W,May
3,24,Petit Manseng,red/orange,10,W,May
3,25,Petit Manseng,red/orange,4,W,May
3,26,Petit Manseng,red/orange,26,W,May
3,27,Falanghina,yellow,20,W,May
3,28,Falanghina,red/orange,39,W,May
3,29,Falanghina,red/orange,12,W,May
3,30,Falanghina,red/orange,33,W,May
3,31,Falanghina,pink,18,W,May
4,2,Falanghina,yellow,21,W,May
4,3,Falanghina,pink,17,W,May
4,4,Falanghina,red/orange,27,W,May
4,5,Falanghina,red/orange,19,W,May
4,6,Falanghina,red/orange,0,W,May
4,7,Greco di Tufo,pink,31,W,May
4,8,Greco di Tufo,red/orange,0,W,May
4,9,Greco di Tufo,red/orange,0,W,May
4,10,Greco di Tufo,pink,31,W,May
4,11,Greco di Tufo,yellow,29,W,May
4,12,Albarino,pink,30,W,May
4,13,Albarino,yellow,36,W,May
4,14,Albarino,red/orange,37,W,May
4,16,Albarino,red/orange,32,W,May
4,23,Albarino,red/orange,30,W,May
4,24,Albarino,yellow,36,W,May
4,25,Albarino,red/orange,37,W,May
4,26,Albarino,pink,32,W,May
4,27,Tinta Francisca,pink,30,W,May
4,28,Tinta Francisca,red/orange,9,W,May
4,29,Tinta Francisca,red/orange,28,W,May
4,30,Tinta Francisca,pink,21,W,May
4,31,Tinta Francisca,yellow,31,W,May
4,32,Graciano,red/orange,0,W,May
4,33,Graciano,pink,4,W,May
4,34,Graciano,yellow,14,W,May
4,35,Graciano,yellow,0,W,May
4,36,Graciano,red/orange,3,W,May
4,37,Ciliegiolo,pink,30,W,May
4,38,Ciliegiolo,yellow,21,W,May
4,39,Ciliegiolo,red/orange,7,W,May
4,40,Ciliegiolo,pink,9,W,May
4,41,Ciliegiolo,pink,29,W,May
5,2,Ciliegiolo,yellow,55,W,May
5,3,Ciliegiolo,red/orange,14,W,May
5,4,Ciliegiolo,yellow,31,W,May
5,5,Ciliegiolo,pink,12,W,May
5,6,Ciliegiolo,yellow,17,W,May
5,7,Periquita,red/orange,11,W,May
5,8,Periquita,red/orange,6,W,May
5,9,Periquita,pink,27,W,May
5,10,Periquita,pink,21,W,May
5,11,Periquita,yellow,16,W,May
5,12,Ciliegiolo,yellow,17,W,May
5,13,Ciliegiolo,red/orange,7,W,May
5,14,Ciliegiolo,pink,30,W,May
5,15,Ciliegiolo,pink,38,W,May
5,16,Ciliegiolo,yellow,33,W,May
5,17,Petit Manseng,pink,22,W,May
5,18,Petit Manseng,pink,21,W,May
5,19,Petit Manseng,pink,10,W,May
5,20,Petit Manseng,yellow,18,W,May
5,22,Greco di Tufo,pink,45,W,May
5,23,Greco di Tufo,red/orange,18,W,May
5,24,Greco di Tufo,pink,15,W,May
5,25,Greco di Tufo,red/orange,3,W,May
5,26,Greco di Tufo,pink,44,W,May
5,27,Teroldego,red/orange,26,W,May
5,28,Teroldego,pink,10,W,May
5,29,Teroldego,red/orange,24,W,May
5,30,Teroldego,red/orange,44,W,May
5,31,Teroldego,pink,51,W,May
5,32,Tinta Amarella,yellow,18,W,May
5,33,Tinta Amarella,yellow,8,W,May
5,34,Tinta Amarella,red/orange,7,W,May
5,35,Tinta Amarella,pink,31,W,May
5,36,Tinta Amarella,pink,22,W,May
5,37,Falanghina,yellow,33,W,May
5,38,Falanghina,red/orange,45,W,May
5,39,Falanghina,red/orange,24,W,May
5,40,Falanghina,yellow,15,W,May
5,41,Falanghina,pink,18,W,May
6,2,Albarino,yellow,39,W,May
6,3,Albarino,pink,47,W,May
6,4,Albarino,red/orange,31,W,May
6,5,Albarino,pink,27,W,May
6,6,Albarino,pink,30,W,May
6,7,Petit Manseng,yellow,12,W,May
6,8,Petit Manseng,red/orange,8,W,May
6,9,Petit Manseng,yellow,20,W,May
6,11,Petit Manseng,red/orange,22,W,May
6,12,Teroldego,red/orange,15,W,May
6,13,Teroldego,pink,20,W,May
6,14,Teroldego,yellow,42,W,May
6,15,Teroldego,pink,56,W,May
6,16,Teroldego,red/orange,15,W,May
6,17,Mencia,yellow,4,W,May
6,18,Mencia,red/orange,19,W,May
6,19,Mencia,red/orange,10,W,May
6,20,Mencia,red/orange,3,W,May
6,21,Mencia,yellow,21,W,May
6,22,Tinta Amarella,pink,29,W,May
6,23,Tinta Amarella,pink,22,W,May
6,24,Tinta Amarella,yellow,10,W,May
6,25,Tinta Amarella,red/orange,24,W,May
6,26,Tinta Amarella,pink,22,W,May
6,27,Sagrantino,yellow,32,W,May
6,28,Sagrantino,pink,20,W,May
6,29,Sagrantino,yellow,20,W,May
6,30,Sagrantino,pink,7,W,May
6,31,Sagrantino,yellow,13,W,May
6,32,Falanghina,yellow,48,W,May
6,33,Falanghina,yellow,40,W,May
6,34,Falanghina,yellow,18,W,May
6,35,Falanghina,yellow,36,W,May
6,36,Falanghina,pink,35,W,May
6,37,Graciano,yellow,21,W,May
6,38,Graciano,red/orange,27,W,May
6,39,Graciano,pink,1,W,May
6,40,Graciano,red/orange,3,W,May
6,41,Graciano,pink,40,W,May
7,3,Mencia,pink,26,W,May
7,5,Mencia,red/orange,10,W,May
7,6,Mencia,pink,16,W,May
7,7,Albarino,pink,36,W,May
7,8,Albarino,red/orange,15,W,May
7,10,Albarino,red/orange,23,W,May
7,12,Sagrantino,red/orange,9,W,May
7,13,Sagrantino,yellow,12,W,May
7,14,Sagrantino,red/orange,11,W,May
7,15,Sagrantino,red/orange,20,W,May
7,16,Sagrantino,red/orange,20,W,May
7,17,Graciano,red/orange,2,W,May
7,18,Graciano,pink,10,W,May
7,19,Graciano,pink,23,W,May
7,20,Graciano,red/orange,8,W,May
7,21,Graciano,red/orange,11,W,May
7,22,Ciliegiolo,red/orange,17,W,May
7,23,Ciliegiolo,pink,18,W,May
7,24,Ciliegiolo,red/orange,20,W,May
7,26,Ciliegiolo,yellow,30,W,May
7,32,Albarino,yellow,52,W,May
7,33,Albarino,red/orange,44,W,May
7,34,Albarino,yellow,35,W,May
7,35,Albarino,red/orange,41,W,May
7,36,Albarino,red/orange,0,W,May
7,37,Greco di Tufo,yellow,7,W,May
7,38,Greco di Tufo,yellow,31,W,May
7,39,Greco di Tufo,red/orange,26,W,May
7,40,Greco di Tufo,red/orange,35,W,May
7,41,Greco di Tufo,yellow,10,W,May
8,2,Sagrantino,yellow,16,W,May
8,4,Sagrantino,pink,13,W,May
8,5,Sagrantino,red/orange,17,W,May
8,6,Sagrantino,red/orange,0,W,May
8,7,Falanghina,red/orange,27,W,May
8,8,Falanghina,pink,25,W,May
8,9,Falanghina,pink,20,W,May
8,10,Falanghina,red/orange,31,W,May
8,11,Falanghina,red/orange,42,W,May
8,12,Mencia,red/orange,11,W,May
8,13,Mencia,yellow,16,W,May
8,15,Mencia,yellow,21,W,May
8,16,Mencia,yellow,26,W,May
8,17,Albarino,red/orange,26,W,May
8,18,Albarino,yellow,32,W,May
8,19,Albarino,yellow,9,W,May
8,21,Albarino,yellow,33,W,May
8,22,Periquita,yellow,21,W,May
8,23,Periquita,pink,26,W,May
8,24,Periquita,red/orange,16,W,May
8,25,Periquita,red/orange,3,W,May
8,26,Periquita,red/orange,31,W,May
8,27,Albarino,pink,0,W,May
8,28,Albarino,yellow,17,W,May
8,29,Albarino,pink,24,W,May
8,30,Albarino,red/orange,30,W,May
8,32,Tannat,red/orange,28,W,May
8,33,Tannat,yellow,0,W,May
8,34,Tannat,yellow,0,W,May
8,35,Tannat,red/orange,19,W,May
8,36,Tannat,yellow,0,W,May
8,37,Periquita,red/orange,3,W,May
8,38,Periquita,yellow,35,W,May
8,39,Periquita,red/orange,27,W,May
8,40,Periquita,red/orange,40,W,May
8,41,Periquita,yellow,17,W,May
9,2,Tannat,red/orange,12,W,May
9,4,Tannat,yellow,4,W,May
9,6,Tannat,red/orange,0,W,May
9,7,Tinta Amarella,red/orange,16,W,May
9,8,Tinta Amarella,pink,32,W,May
9,11,Tinta Amarella,pink,28,W,May
9,12,Petit Manseng,red/orange,21,W,May
9,13,Petit Manseng,yellow,27,W,May
9,14,Petit Manseng,yellow,15,W,May
9,15,Petit Manseng,pink,24,W,May
9,16,Petit Manseng,pink,12,W,May
9,17,Teroldego,yellow,34,W,May
9,18,Teroldego,yellow,28,W,May
9,19,Teroldego,red/orange,36,W,May
9,20,Teroldego,red/orange,17,W,May
9,27,Tannat,red/orange,19,W,May
9,28,Tannat,yellow,0,W,May
9,29,Tannat,red/orange,0,W,May
9,30,Tannat,red/orange,9,W,May
9,31,Tannat,pink,3,W,May
9,32,Periquita,yellow,27,W,May
9,33,Periquita,yellow,11,W,May
9,34,Periquita,yellow,15,W,May
9,35,Periquita,red/orange,21,W,May
9,37,Mencia,pink,25,W,May
9,38,Mencia,pink,14,W,May
9,39,Mencia,yellow,26,W,May
9,40,Mencia,pink,18,W,May
9,41,Mencia,pink,8,W,May
10,2,Periquita,yellow,17,W,May
10,3,Periquita,yellow,21,W,May
10,4,Periquita,pink,31,W,May
10,5,Periquita,pink,34,W,May
10,6,Periquita,yellow,26,W,May
10,7,Mencia,yellow,16,W,May
10,8,Mencia,yellow,15,W,May
10,10,Mencia,red/orange,9,W,May
10,11,Mencia,yellow,19,W,May
10,17,Greco di Tufo,pink,24,W,May
10,18,Greco di Tufo,yellow,27,W,May
10,19,Greco di Tufo,red/orange,46,W,May
10,20,Greco di Tufo,yellow,29,W,May
10,21,Greco di Tufo,pink,35,W,May
10,22,Tinta Francisca,pink,15,W,May
10,23,Tinta Francisca,yellow,4,W,May
10,24,Tinta Francisca,yellow,10,W,May
10,25,Tinta Francisca,pink,20,W,May
10,26,Tinta Francisca,yellow,18,W,May
10,27,Petit Manseng,yellow,16,W,May
10,28,Petit Manseng,red/orange,20,W,May
10,29,Petit Manseng,pink,0,W,May
10,30,Petit Manseng,pink,20,W,May
10,31,Petit Manseng,pink,17,W,May
10,32,Teroldego,yellow,33,W,May
10,33,Teroldego,yellow,38,W,May
10,34,Teroldego,yellow,12,W,May
10,35,Teroldego,pink,29,W,May
10,36,Teroldego,pink,45,W,May
10,37,Tannat,yellow,0,W,May
10,38,Tannat,pink,20,W,May
10,39,Tannat,red/orange,9,W,May
10,40,Tannat,red/orange,25,W,May
10,41,Tannat,yellow,11,W,May
11,2,Tinta Francisca,red/orange,0,W,May
11,3,Tinta Francisca,yellow,13,W,May
11,4,Tinta Francisca,yellow,8,W,May
11,5,Tinta Francisca,red/orange,15,W,May
11,6,Tinta Francisca,red/orange,26,W,May
11,7,Graciano,pink,23,W,May
11,8,Graciano,red/orange,14,W,May
11,9,Graciano,yellow,13,W,May
11,10,Graciano,red/orange,19,W,May
11,11,Graciano,pink,6,W,May
11,12,Periquita,yellow,9,W,May
11,13,Periquita,pink,7,W,May
11,14,Periquita,pink,47,W,May
11,15,Periquita,pink,35,W,May
11,16,Periquita,red/orange,12,W,May
11,17,Tinta Amarella,red/orange,0,W,May
11,18,Tinta Amarella,pink,39,W,May
11,19,Tinta Amarella,red/orange,8,W,May
11,20,Tinta Amarella,yellow,21,W,May
11,21,Tinta Amarella,red/orange,16,W,May
11,22,Falanghina,pink,44,W,May
11,23,Falanghina,yellow,14,W,May
11,24,Falanghina,yellow,25,W,May
11,25,Falanghina,pink,19,W,May
11,26,Falanghina,red/orange,30,W,May
11,27,Mencia,yellow,5,W,May
11,28,Mencia,red/orange,5,W,May
11,29,Mencia,pink,22,W,May
11,30,Mencia,yellow,15,W,May
11,31,Mencia,red/orange,25,W,May
11,32,Ciliegiolo,red/orange,4,W,May
11,33,Ciliegiolo,pink,13,W,May
11,34,Ciliegiolo,red/orange,35,W,May
11,35,Ciliegiolo,pink,9,W,May
11,36,Ciliegiolo,yellow,30,W,May
11,37,Teroldego,pink,25,W,May
11,38,Teroldego,yellow,23,W,May
11,39,Teroldego,yellow,44,W,May
11,40,Teroldego,yellow,40,W,May
11,41,Teroldego,red/orange,18,W,May
12,2,Petit Manseng,pink,10,W,May
12,3,Petit Manseng,red/orange,15,W,May
12,4,Petit Manseng,red/orange,16,W,May
12,5,Petit Manseng,pink,21,W,May
12,6,Petit Manseng,yellow,20,W,May
12,7,Tinta Francisca,red/orange,23,W,May
12,8,Tinta Francisca,red/orange,28,W,May
12,9,Tinta Francisca,yellow,21,W,May
12,10,Tinta Francisca,yellow,17,W,May
12,11,Tinta Francisca,yellow,35,W,May
12,12,Tannat,yellow,0,W,May
12,13,Tannat,pink,12,W,May
12,14,Tannat,pink,20,W,May
12,15,Tannat,yellow,7,W,May
12,16,Tannat,red/orange,25,W,May
12,17,Ciliegiolo,red/orange,38,W,May
12,19,Ciliegiolo,yellow,19,W,May
12,20,Ciliegiolo,yellow,14,W,May
12,21,Ciliegiolo,yellow,31,W,May
12,22,Graciano,yellow,21,W,May
12,23,Graciano,yellow,18,W,May
12,24,Graciano,yellow,12,W,May
12,25,Graciano,pink,7,W,May
12,26,Graciano,pink,28,W,May
12,27,Periquita,yellow,15,W,May
12,28,Periquita,red/orange,22,W,May
12,29,Periquita,yellow,30,W,May
12,30,Periquita,pink,34,W,May
12,31,Periquita,red/orange,31,W,May
12,32,Mencia,red/orange,17,W,May
12,33,Mencia,red/orange,8,W,May
12,35,Mencia,pink,13,W,May
12,36,Mencia,red/orange,15,W,May
12,37,Tinta Amarella,pink,23,W,May
12,38,Tinta Amarella,red/orange,21,W,May
12,39,Tinta Amarella,yellow,32,W,May
12,40,Tinta Amarella,yellow,25,W,May
12,41,Tinta Amarella,yellow,16,W,May
13,7,Ciliegiolo,red/orange,4,W,May
13,8,Ciliegiolo,red/orange,21,W,May
13,9,Ciliegiolo,red/orange,10,W,May
13,10,Ciliegiolo,red/orange,14,W,May
13,11,Ciliegiolo,red/orange,27,W,May
13,12,Graciano,pink,20,W,May
13,13,Graciano,red/orange,6,W,May
13,14,Graciano,yellow,13,W,May
13,15,Graciano,yellow,3,W,May
13,16,Graciano,red/orange,9,W,May
13,17,Falanghina,yellow,34,W,May
13,18,Falanghina,pink,37,W,May
13,19,Falanghina,yellow,28,W,May
13,20,Falanghina,pink,22,W,May
13,21,Falanghina,red/orange,14,W,May
13,22,Sagrantino,yellow,12,W,May
13,23,Sagrantino,pink,20,W,May
13,24,Sagrantino,red/orange,14,W,May
13,26,Sagrantino,yellow,20,W,May
13,27,Tinta Amarella,red/orange,1,W,May
13,28,Tinta Amarella,yellow,17,W,May
13,29,Tinta Amarella,yellow,25,W,May
13,30,Tinta Amarella,yellow,7,W,May
13,31,Tinta Amarella,pink,14,W,May
13,32,Greco di Tufo,red/orange,19,W,May
13,33,Greco di Tufo,red/orange,34,W,May
13,34,Greco di Tufo,yellow,28,W,May
13,35,Greco di Tufo,yellow,21,W,May
13,36,Greco di Tufo,pink,23,W,May
13,37,Tinta Francisca,pink,6,W,May
13,38,Tinta Francisca,yellow,7,W,May
13,39,Tinta Francisca,red/orange,11,W,May
13,40,Tinta Francisca,red/orange,3,W,May
13,41,Tinta Francisca,red/orange,27,W,May
14,7,Tannat,pink,24,W,May
14,8,Tannat,red/orange,23,W,May
14,9,Tannat,yellow,27,W,May
14,10,Tannat,pink,23,W,May
14,11,Tannat,yellow,20,W,May
14,12,Tinta Amarella,red/orange,6,W,May
14,13,Tinta Amarella,yellow,19,W,May
14,14,Tinta Amarella,red/orange,10,W,May
14,15,Tinta Amarella,yellow,22,W,May
14,16,Tinta Amarella,red/orange,17,W,May
14,17,Periquita,yellow,26,W,May
14,18,Periquita,yellow,33,W,May
14,19,Periquita,pink,12,W,May
14,20,Periquita,red/orange,12,W,May
14,21,Periquita,red/orange,22,W,May
14,22,Tannat,pink,8,W,May
14,23,Tannat,red/orange,14,W,May
14,24,Tannat,yellow,7,W,May
14,25,Tannat,pink,0,W,May
14,26,Tannat,red/orange,10,W,May
14,27,Greco di Tufo,red/orange,4,W,May
14,28,Greco di Tufo,red/orange,35,W,May
14,29,Greco di Tufo,pink,21,W,May
14,30,Greco di Tufo,yellow,9,W,May
14,31,Greco di Tufo,yellow,22,W,May
14,32,Sagrantino,red/orange,16,W,May
14,33,Sagrantino,pink,11,W,May
14,34,Sagrantino,pink,30,W,May
14,35,Sagrantino,pink,37,W,May
14,37,Petit Manseng,red/orange,10,W,May
14,38,Petit Manseng,red/orange,26,W,May
14,39,Petit Manseng,yellow,22,W,May
14,40,Petit Manseng,yellow,34,W,May
15,3,Tinta Amarella,red/orange,2,W,May
15,4,Tinta Amarella,yellow,22,W,May
15,5,Tinta Amarella,red/orange,22,W,May
15,6,Tinta Amarella,red/orange,13,W,May
15,7,Teroldego,yellow,39,W,May
15,9,Teroldego,red/orange,32,W,May
15,10,Teroldego,pink,7,W,May
15,11,Teroldego,red/orange,31,W,May
15,12,Falanghina,yellow,35,W,May
15,13,Falanghina,yellow,29,W,May
15,14,Falanghina,red/orange,11,W,May
15,15,Falanghina,yellow,30,W,May
15,16,Falanghina,red/orange,27,W,May
15,17,Sagrantino,pink,27,W,May
15,18,Sagrantino,red/orange,20,W,May
15,19,Sagrantino,yellow,13,W,May
15,20,Sagrantino,pink,18,W,May
15,21,Sagrantino,red/orange,21,W,May
15,22,Mencia,red/orange,25,W,May
15,23,Mencia,pink,1,W,May
15,24,Mencia,yellow,13,W,May
15,25,Mencia,pink,17,W,May
15,26,Mencia,yellow,5,W,May
15,27,Ciliegiolo,yellow,12,W,May
15,28,Ciliegiolo,yellow,14,W,May
15,29,Ciliegiolo,pink,16,W,May
15,30,Ciliegiolo,red/orange,21,W,May
15,31,Ciliegiolo,yellow,29,W,May
15,33,Tinta Francisca,yellow,22,W,May
15,34,Tinta Francisca,pink,25,W,May
15,35,Tinta Francisca,pink,16,W,May
15,36,Tinta Francisca,red/orange,1,W,May
16,3,Greco di Tufo,yellow,29,W,May
16,4,Greco di Tufo,red/orange,45,W,May
16,6,Greco di Tufo,red/orange,43,W,May
16,12,Tinta Francisca,pink,25,W,May
16,13,Tinta Francisca,pink,16,W,May
16,14,Tinta Francisca,red/orange,11,W,May
16,16,Tinta Francisca,yellow,19,W,May
16,17,Tannat,pink,0,W,May
16,18,Tannat,red/orange,10,W,May
16,19,Tannat,pink,28,W,May
16,20,Tannat,yellow,20,W,May
16,21,Tannat,yellow,29,W,May
16,22,Teroldego,yellow,32,W,May
16,23,Teroldego,red/orange,36,W,May
16,24,Teroldego,yellow,30,W,May
16,25,Teroldego,red/orange,32,W,May
16,26,Teroldego,red/orange,48,W,May
16,27,Graciano,red/orange,28,W,May
16,28,Graciano,yellow,16,W,May
16,29,Graciano,yellow,12,W,May
16,30,Graciano,yellow,7,W,May
16,32,Petit Manseng,yellow,25,W,May
16,33,Petit Manseng,yellow,24,W,May
16,34,Petit Manseng,red/orange,15,W,May
16,36,Petit Manseng,yellow,20,W,May
16,37,Sagrantino,yellow,14,W,May
2,22,Albarino,yellow,45,W,May
2,23,Albarino,yellow,42,W,May
2,24,Albarino,yellow,51,W,May
2,25,Albarino,pink,39,W,May
3,2,Teroldego,red/orange,3,W,May
3,3,Teroldego,pink,20,W,May
3,4,Teroldego,yellow,33,W,May
3,5,Teroldego,pink,27,W,May
3,6,Teroldego,yellow,41,W,May
3,7,Sagrantino,pink,14,W,May
3,8,Sagrantino,yellow,29,W,May
3,9,Sagrantino,yellow,4,W,May
3,10,Sagrantino,red/orange,20,W,May
3,11,Sagrantino,yellow,17,W,May
3,12,Greco di Tufo,red/orange,0,W,May
3,13,Greco di Tufo,yellow,25,W,May
3,14,Greco di Tufo,pink,34,W,May
3,15,Greco di Tufo,yellow,41,W,May
3,16,Greco di Tufo,yellow,4,W,May
3,17,Tinta Francisca,red/orange,7,W,May
3,18,Tinta Francisca,red/orange,17,W,May
3,19,Tinta Francisca,yellow,6,W,May
3,20,Tinta Francisca,yellow,18,W,May
3,21,Tinta Francisca,pink,21,W,May
3,22,Petit Manseng,yellow,24,W,May
3,23,Petit Manseng,red/orange,0,W,May
3,24,Petit Manseng,red/orange,14,W,May
3,25,Petit Manseng,red/orange,9,W,May
3,26,Petit Manseng,red/orange,24,W,May
3,27,Falanghina,yellow,19,W,May
3,28,Falanghina,red/orange,43,W,May
3,29,Falanghina,red/orange,6,W,May
3,30,Falanghina,red/orange,39,W,May
3,31,Falanghina,pink,22,W,May
4,2,Falanghina,yellow,22,W,May
4,3,Falanghina,pink,23,W,May
4,4,Falanghina,red/orange,29,W,May
4,5,Falanghina,red/orange,21,W,May
4,6,Falanghina,red/orange,0,W,May
4,7,Greco di Tufo,pink,34,W,May
4,8,Greco di Tufo,red/orange,0,W,May
4,9,Greco di Tufo,red/orange,0,W,May
4,10,Greco di Tufo,pink,10,W,May
4,11,Greco di Tufo,yellow,23,W,May
4,12,Albarino,pink,26,W,May
4,13,Albarino,yellow,28,W,May
4,14,Albarino,red/orange,12,W,May
4,16,Albarino,red/orange,8,W,May
4,23,Albarino,red/orange,28,W,May
4,24,Albarino,yellow,28,W,May
4,25,Albarino,red/orange,12,W,May
4,26,Albarino,pink,28,W,May
4,27,Tinta Francisca,pink,28,W,May
4,28,Tinta Francisca,red/orange,12,W,May
4,29,Tinta Francisca,red/orange,30,W,May
4,30,Tinta Francisca,pink,19,W,May
4,31,Tinta Francisca,yellow,29,W,May
4,32,Graciano,red/orange,0,W,May
4,33,Graciano,pink,10,W,May
4,34,Graciano,yellow,4,W,May
4,35,Graciano,yellow,0,W,May
4,36,Graciano,red/orange,5,W,May
4,37,Ciliegiolo,pink,35,W,May
4,38,Ciliegiolo,yellow,15,W,May
4,39,Ciliegiolo,red/orange,11,W,May
4,40,Ciliegiolo,pink,10,W,May
4,41,Ciliegiolo,pink,28,W,May
5,2,Ciliegiolo,yellow,29,W,May
5,3,Ciliegiolo,red/orange,6,W,May
5,4,Ciliegiolo,yellow,32,W,May
5,5,Ciliegiolo,pink,26,W,May
5,6,Ciliegiolo,yellow,27,W,May
5,7,Periquita,red/orange,28,W,May
5,8,Periquita,red/orange,5,W,May
5,9,Periquita,pink,30,W,May
5,10,Periquita,pink,22,W,May
5,11,Periquita,yellow,24,W,May
5,12,Ciliegiolo,yellow,11,W,May
5,13,Ciliegiolo,red/orange,10,W,May
5,14,Ciliegiolo,pink,26,W,May
5,15,Ciliegiolo,pink,21,W,May
5,16,Ciliegiolo,yellow,32,W,May
5,17,Petit Manseng,pink,16,W,May
5,18,Petit Manseng,pink,16,W,May
5,19,Petit Manseng,pink,26,W,May
5,20,Petit Manseng,yellow,27,W,May
5,22,Greco di Tufo,pink,5,W,May
5,23,Greco di Tufo,red/orange,5,W,May
5,24,Greco di Tufo,pink,28,W,May
5,25,Greco di Tufo,red/orange,10,W,May
5,26,Greco di Tufo,pink,8,W,May
5,27,Teroldego,red/orange,41,W,May
5,28,Teroldego,pink,28,W,May
5,29,Teroldego,red/orange,43,W,May
5,30,Teroldego,red/orange,44,W,May
5,31,Teroldego,pink,31,W,May
5,32,Tinta Amarella,yellow,18,W,May
5,33,Tinta Amarella,yellow,10,W,May
5,34,Tinta Amarella,red/orange,12,W,May
5,35,Tinta Amarella,pink,33,W,May
5,36,Tinta Amarella,pink,24,W,May
5,37,Falanghina,yellow,2,W,May
5,38,Falanghina,red/orange,51,W,May
5,39,Falanghina,red/orange,27,W,May
5,40,Falanghina,yellow,19,W,May
5,41,Falanghina,pink,24,W,May
6,2,Albarino,yellow,44,W,May
6,3,Albarino,pink,33,W,May
6,4,Albarino,red/orange,34,W,May
6,5,Albarino,pink,25,W,May
6,6,Albarino,pink,25,W,May
6,7,Petit Manseng,yellow,10,W,May
6,8,Petit Manseng,red/orange,9,W,May
6,9,Petit Manseng,yellow,22,W,May
6,11,Petit Manseng,red/orange,25,W,May
6,12,Teroldego,red/orange,24,W,May
6,13,Teroldego,pink,38,W,May
6,14,Teroldego,yellow,46,W,May
6,15,Teroldego,pink,56,W,May
6,16,Teroldego,red/orange,13,W,May
6,17,Mencia,yellow,5,W,May
6,18,Mencia,red/orange,5,W,May
6,19,Mencia,red/orange,11,W,May
6,20,Mencia,red/orange,21,W,May
6,21,Mencia,yellow,19,W,May
6,22,Tinta Amarella,pink,23,W,May
6,23,Tinta Amarella,pink,20,W,May
6,24,Tinta Amarella,yellow,6,W,May
6,25,Tinta Amarella,red/orange,12,W,May
6,26,Tinta Amarella,pink,23,W,May
6,27,Sagrantino,yellow,13,W,May
6,28,Sagrantino,pink,12,W,May
6,29,Sagrantino,yellow,18,W,May
6,30,Sagrantino,pink,11,W,May
6,31,Sagrantino,yellow,14,W,May
6,32,Falanghina,yellow,21,W,May
6,33,Falanghina,yellow,34,W,May
6,34,Falanghina,yellow,22,W,May
6,35,Falanghina,yellow,17,W,May
6,36,Falanghina,pink,20,W,May
6,37,Graciano,yellow,23,W,May
6,38,Graciano,red/orange,20,W,May
6,39,Graciano,pink,2,W,May
6,40,Graciano,red/orange,8,W,May
6,41,Graciano,pink,34,W,May
7,3,Mencia,pink,9,W,May
7,5,Mencia,red/orange,11,W,May
7,6,Mencia,pink,25,W,May
7,7,Albarino,pink,13,W,May
7,8,Albarino,red/orange,20,W,May
7,10,Albarino,red/orange,26,W,May
7,12,Sagrantino,red/orange,17,W,May
7,13,Sagrantino,yellow,10,W,May
7,14,Sagrantino,red/orange,15,W,May
7,15,Sagrantino,red/orange,20,W,May
7,16,Sagrantino,red/orange,15,W,May
7,17,Graciano,red/orange,13,W,May
7,18,Graciano,pink,12,W,May
7,19,Graciano,pink,24,W,May
7,20,Graciano,red/orange,9,W,May
7,21,Graciano,red/orange,20,W,May
7,22,Ciliegiolo,red/orange,36,W,May
7,23,Ciliegiolo,pink,36,W,May
7,24,Ciliegiolo,red/orange,23,W,May
7,26,Ciliegiolo,yellow,20,W,May
7,32,Albarino,yellow,43,W,May
7,33,Albarino,red/orange,30,W,May
7,34,Albarino,yellow,32,W,May
7,35,Albarino,red/orange,22,W,May
7,36,Albarino,red/orange,0,W,May
7,37,Greco di Tufo,yellow,19,W,May
7,38,Greco di Tufo,yellow,30,W,May
7,39,Greco di Tufo,red/orange,41,W,May
7,40,Greco di Tufo,red/orange,30,W,May
7,41,Greco di Tufo,yellow,14,W,May
8,2,Sagrantino,yellow,21,W,May
8,4,Sagrantino,pink,16,W,May
8,5,Sagrantino,red/orange,10,W,May
8,6,Sagrantino,red/orange,0,W,May
8,7,Falanghina,red/orange,24,W,May
8,8,Falanghina,pink,26,W,May
8,9,Falanghina,pink,21,W,May
8,10,Falanghina,red/orange,18,W,May
8,11,Falanghina,red/orange,42,W,May
8,12,Mencia,red/orange,10,W,May
8,13,Mencia,yellow,17,W,May
8,15,Mencia,yellow,18,W,May
8,16,Mencia,yellow,18,W,May
8,17,Albarino,red/orange,27,W,May
8,18,Albarino,yellow,33,W,May
8,19,Albarino,yellow,19,W,May
8,21,Albarino,yellow,32,W,May
8,22,Periquita,yellow,28,W,May
8,23,Periquita,pink,25,W,May
8,24,Periquita,red/orange,13,W,May
8,25,Periquita,red/orange,7,W,May
8,26,Periquita,red/orange,10,W,May
8,27,Albarino,pink,0,W,May
8,28,Albarino,yellow,11,W,May
8,29,Albarino,pink,38,W,May
8,30,Albarino,red/orange,20,W,May
8,32,Tannat,red/orange,13,W,May
8,33,Tannat,yellow,0,W,May
8,34,Tannat,yellow,0,W,May
8,35,Tannat,red/orange,24,W,May
8,36,Tannat,yellow,0,W,May
8,37,Periquita,red/orange,4,W,May
8,38,Periquita,yellow,7,W,May
8,39,Periquita,red/orange,31,W,May
8,40,Periquita,red/orange,41,W,May
8,41,Periquita,yellow,14,W,May
9,2,Tannat,red/orange,7,W,May
9,4,Tannat,yellow,2,W,May
9,6,Tannat,red/orange,0,W,May
9,7,Tinta Amarella,red/orange,12,W,May
9,8,Tinta Amarella,pink,21,W,May
9,11,Tinta Amarella,pink,12,W,May
9,12,Petit Manseng,red/orange,28,W,May
9,13,Petit Manseng,yellow,13,W,May
9,14,Petit Manseng,yellow,18,W,May
9,15,Petit Manseng,pink,18,W,May
9,16,Petit Manseng,pink,15,W,May
9,17,Teroldego,yellow,18,W,May
9,18,Teroldego,yellow,46,W,May
9,19,Teroldego,red/orange,33,W,May
9,20,Teroldego,red/orange,38,W,May
9,27,Tannat,red/orange,15,W,May
9,28,Tannat,yellow,0,W,May
9,29,Tannat,red/orange,0,W,May
9,30,Tannat,red/orange,8,W,May
9,31,Tannat,pink,6,W,May
9,32,Periquita,yellow,22,W,May
9,33,Periquita,yellow,14,W,May
9,34,Periquita,yellow,8,W,May
9,35,Periquita,red/orange,3,W,May
9,37,Mencia,pink,11,W,May
9,38,Mencia,pink,15,W,May
9,39,Mencia,yellow,23,W,May
9,40,Mencia,pink,12,W,May
9,41,Mencia,pink,14,W,May
10,2,Periquita,yellow,7,W,May
10,3,Periquita,yellow,26,W,May
10,4,Periquita,pink,24,W,May
10,5,Periquita,pink,18,W,May
10,6,Periquita,yellow,10,W,May
10,7,Mencia,yellow,13,W,May
10,8,Mencia,yellow,8,W,May
10,10,Mencia,red/orange,6,W,May
10,11,Mencia,yellow,17,W,May
10,17,Greco di Tufo,pink,39,W,May
10,18,Greco di Tufo,yellow,30,W,May
10,19,Greco di Tufo,red/orange,36,W,May
10,20,Greco di Tufo,yellow,37,W,May
10,21,Greco di Tufo,pink,45,W,May
10,22,Tinta Francisca,pink,5,W,May
10,23,Tinta Francisca,yellow,7,W,May
10,24,Tinta Francisca,yellow,11,W,May
10,25,Tinta Francisca,pink,14,W,May
10,26,Tinta Francisca,yellow,22,W,May
10,27,Petit Manseng,yellow,24,W,May
10,28,Petit Manseng,red/orange,24,W,May
10,29,Petit Manseng,pink,0,W,May
10,30,Petit Manseng,pink,16,W,May
10,31,Petit Manseng,pink,16,W,May
10,32,Teroldego,yellow,15,W,May
10,33,Teroldego,yellow,17,W,May
10,34,Teroldego,yellow,39,W,May
10,35,Teroldego,pink,33,W,May
10,36,Teroldego,pink,31,W,May
10,37,Tannat,yellow,0,W,May
10,38,Tannat,pink,14,W,May
10,39,Tannat,red/orange,19,W,May
10,40,Tannat,red/orange,6,W,May
10,41,Tannat,yellow,17,W,May
11,2,Tinta Francisca,red/orange,0,W,May
11,3,Tinta Francisca,yellow,17,W,May
11,4,Tinta Francisca,yellow,12,W,May
11,5,Tinta Francisca,red/orange,3,W,May
11,6,Tinta Francisca,red/orange,25,W,May
11,7,Graciano,pink,18,W,May
11,8,Graciano,red/orange,20,W,May
11,9,Graciano,yellow,11,W,May
11,10,Graciano,red/orange,18,W,May
11,11,Graciano,pink,11,W,May
11,12,Periquita,yellow,24,W,May
11,13,Periquita,pink,29,W,May
11,14,Periquita,pink,36,W,May
11,15,Periquita,pink,31,W,May
11,16,Periquita,red/orange,17,W,May
11,17,Tinta Amarella,red/orange,0,W,May
11,18,Tinta Amarella,pink,11,W,May
11,19,Tinta Amarella,red/orange,21,W,May
11,20,Tinta Amarella,yellow,9,W,May
11,21,Tinta Amarella,red/orange,11,W,May
11,22,Falanghina,pink,36,W,May
11,23,Falanghina,yellow,12,W,May
11,24,Falanghina,yellow,30,W,May
11,25,Falanghina,pink,14,W,May
11,26,Falanghina,red/orange,24,W,May
11,27,Mencia,yellow,10,W,May
11,28,Mencia,red/orange,2,W,May
11,29,Mencia,pink,21,W,May
11,30,Mencia,yellow,14,W,May
11,31,Mencia,red/orange,16,W,May
11,32,Ciliegiolo,red/orange,6,W,May
11,33,Ciliegiolo,pink,11,W,May
11,34,Ciliegiolo,red/orange,42,W,May
11,35,Ciliegiolo,pink,17,W,May
11,36,Ciliegiolo,yellow,33,W,May
11,37,Teroldego,pink,50,W,May
11,38,Teroldego,yellow,43,W,May
11,39,Teroldego,yellow,17,W,May
11,40,Teroldego,yellow,26,W,May
11,41,Teroldego,red/orange,8,W,May
12,2,Petit Manseng,pink,9,W,May
12,3,Petit Manseng,red/orange,11,W,May
12,4,Petit Manseng,red/orange,18,W,May
12,5,Petit Manseng,pink,15,W,May
12,6,Petit Manseng,yellow,23,W,May
12,7,Tinta Francisca,red/orange,24,W,May
12,8,Tinta Francisca,red/orange,27,W,May
12,9,Tinta Francisca,yellow,18,W,May
12,10,Tinta Francisca,yellow,17,W,May
12,11,Tinta Francisca,yellow,37,W,May
12,12,Tannat,yellow,0,W,May
12,13,Tannat,pink,10,W,May
12,14,Tannat,pink,20,W,May
12,15,Tannat,yellow,8,W,May
12,16,Tannat,red/orange,16,W,May
12,17,Ciliegiolo,red/orange,23,W,May
12,19,Ciliegiolo,yellow,12,W,May
12,20,Ciliegiolo,yellow,11,W,May
12,21,Ciliegiolo,yellow,9,W,May
12,22,Graciano,yellow,7,W,May
12,23,Graciano,yellow,20,W,May
12,24,Graciano,yellow,8,W,May
12,25,Graciano,pink,7,W,May
12,26,Graciano,pink,15,W,May
12,27,Periquita,yellow,15,W,May
12,28,Periquita,red/orange,25,W,May
12,29,Periquita,yellow,38,W,May
12,30,Periquita,pink,37,W,May
12,31,Periquita,red/orange,30,W,May
12,32,Mencia,red/orange,5,W,May
12,33,Mencia,red/orange,4,W,May
12,35,Mencia,pink,9,W,May
12,36,Mencia,red/orange,12,W,May
12,37,Tinta Amarella,pink,12,W,May
12,38,Tinta Amarella,red/orange,39,W,May
12,39,Tinta Amarella,yellow,16,W,May
12,40,Tinta Amarella,yellow,18,W,May
12,41,Tinta Amarella,yellow,8,W,May
13,7,Ciliegiolo,red/orange,6,W,May
13,8,Ciliegiolo,red/orange,13,W,May
13,9,Ciliegiolo,red/orange,11,W,May
13,10,Ciliegiolo,red/orange,8,W,May
13,11,Ciliegiolo,red/orange,29,W,May
13,12,Graciano,pink,19,W,May
13,13,Graciano,red/orange,5,W,May
13,14,Graciano,yellow,18,W,May
13,15,Graciano,yellow,1,W,May
13,16,Graciano,red/orange,13,W,May
13,17,Falanghina,yellow,31,W,May
13,18,Falanghina,pink,14,W,May
13,19,Falanghina,yellow,27,W,May
13,20,Falanghina,pink,13,W,May
13,21,Falanghina,red/orange,12,W,May
13,22,Sagrantino,yellow,10,W,May
13,23,Sagrantino,pink,19,W,May
13,24,Sagrantino,red/orange,15,W,May
13,26,Sagrantino,yellow,15,W,May
13,27,Tinta Amarella,red/orange,14,W,May
13,28,Tinta Amarella,yellow,19,W,May
13,29,Tinta Amarella,yellow,10,W,May
13,30,Tinta Amarella,yellow,9,W,May
13,31,Tinta Amarella,pink,8,W,May
13,32,Greco di Tufo,red/orange,15,W,May
13,33,Greco di Tufo,red/orange,15,W,May
13,34,Greco di Tufo,yellow,24,W,May
13,35,Greco di Tufo,yellow,16,W,May
13,36,Greco di Tufo,pink,22,W,May
13,37,Tinta Francisca,pink,14,W,May
13,38,Tinta Francisca,yellow,14,W,May
13,39,Tinta Francisca,red/orange,15,W,May
13,40,Tinta Francisca,red/orange,9,W,May
13,41,Tinta Francisca,red/orange,17,W,May
14,7,Tannat,pink,23,W,May
14,8,Tannat,red/orange,28,W,May
14,9,Tannat,yellow,23,W,May
14,10,Tannat,pink,16,W,May
14,11,Tannat,yellow,12,W,May
14,12,Tinta Amarella,red/orange,15,W,May
14,13,Tinta Amarella,yellow,27,W,May
14,14,Tinta Amarella,red/orange,20,W,May
14,15,Tinta Amarella,yellow,22,W,May
14,16,Tinta Amarella,red/orange,4,W,May
14,17,Periquita,yellow,18,W,May
14,18,Periquita,yellow,20,W,May
14,19,Periquita,pink,3,W,May
14,20,Periquita,red/orange,19,W,May
14,21,Periquita,red/orange,29,W,May
14,22,Tannat,pink,8,W,May
14,23,Tannat,red/orange,12,W,May
14,24,Tannat,yellow,12,W,May
14,25,Tannat,pink,0,W,May
14,26,Tannat,red/orange,5,W,May
14,27,Greco di Tufo,red/orange,5,W,May
14,28,Greco di Tufo,red/orange,37,W,May
14,29,Greco di Tufo,pink,27,W,May
14,30,Greco di Tufo,yellow,27,W,May
14,31,Greco di Tufo,yellow,18,W,May
14,32,Sagrantino,red/orange,10,W,May
14,33,Sagrantino,pink,5,W,May
14,34,Sagrantino,pink,26,W,May
14,35,Sagrantino,pink,10,W,May
14,37,Petit Manseng,red/orange,18,W,May
14,38,Petit Manseng,red/orange,16,W,May
14,39,Petit Manseng,yellow,25,W,May
14,40,Petit Manseng,yellow,23,W,May
15,3,Tinta Amarella,red/orange,9,W,May
15,4,Tinta Amarella,yellow,30,W,May
15,5,Tinta Amarella,red/orange,30,W,May
15,6,Tinta Amarella,red/orange,7,W,May
15,7,Teroldego,yellow,30,W,May
15,9,Teroldego,red/orange,35,W,May
15,10,Teroldego,pink,13,W,May
15,11,Teroldego,red/orange,16,W,May
15,12,Falanghina,yellow,9,W,May
15,13,Falanghina,yellow,13,W,May
15,14,Falanghina,red/orange,22,W,May
15,15,Falanghina,yellow,23,W,May
15,16,Falanghina,red/orange,24,W,May
15,17,Sagrantino,pink,24,W,May
15,18,Sagrantino,red/orange,10,W,May
15,19,Sagrantino,yellow,17,W,May
15,20,Sagrantino,pink,20,W,May
15,21,Sagrantino,red/orange,4,W,May
15,22,Mencia,red/orange,22,W,May
15,23,Mencia,pink,1,W,May
15,24,Mencia,yellow,8,W,May
15,25,Mencia,pink,15,W,May
15,26,Mencia,yellow,4,W,May
15,27,Ciliegiolo,yellow,4,W,May
15,28,Ciliegiolo,yellow,8,W,May
15,29,Ciliegiolo,pink,8,W,May
15,30,Ciliegiolo,red/orange,30,W,May
15,31,Ciliegiolo,yellow,16,W,May
15,33,Tinta Francisca,yellow,19,W,May
15,34,Tinta Francisca,pink,30,W,May
15,35,Tinta Francisca,pink,17,W,May
15,36,Tinta Francisca,red/orange,1,W,May
16,3,Greco di Tufo,yellow,32,W,May
16,4,Greco di Tufo,red/orange,24,W,May
16,6,Greco di Tufo,red/orange,24,W,May
16,12,Tinta Francisca,pink,30,W,May
16,13,Tinta Francisca,pink,20,W,May
16,14,Tinta Francisca,red/orange,18,W,May
16,16,Tinta Francisca,yellow,22,W,May
16,17,Tannat,pink,0,W,May
16,18,Tannat,red/orange,8,W,May
16,19,Tannat,pink,13,W,May
16,20,Tannat,yellow,13,W,May
16,21,Tannat,yellow,24,W,May
16,22,Teroldego,yellow,43,W,May
16,23,Teroldego,red/orange,18,W,May
16,24,Teroldego,yellow,26,W,May
16,25,Teroldego,red/orange,28,W,May
16,26,Teroldego,red/orange,56,W,May
16,27,Graciano,red/orange,23,W,May
16,28,Graciano,yellow,13,W,May
16,29,Graciano,yellow,9,W,May
16,30,Graciano,yellow,1,W,May
16,32,Petit Manseng,yellow,9,W,May
16,33,Petit Manseng,yellow,13,W,May
16,34,Petit Manseng,red/orange,14,W,May
16,36,Petit Manseng,yellow,20,W,May
16,37,Sagrantino,yellow,22,W,May
2,22,Albarino,yellow,63,W,May
2,23,Albarino,yellow,45,W,May
2,24,Albarino,yellow,30,W,May
2,25,Albarino,pink,28,W,May
3,2,Teroldego,red/orange,13,W,May
3,3,Teroldego,pink,39,W,May
3,4,Teroldego,yellow,48,W,May
3,5,Teroldego,pink,36,W,May
3,6,Teroldego,yellow,41,W,May
3,7,Sagrantino,pink,18,W,May
3,8,Sagrantino,yellow,19,W,May
3,9,Sagrantino,yellow,15,W,May
3,10,Sagrantino,red/orange,19,W,May
3,11,Sagrantino,yellow,27,W,May
3,12,Greco di Tufo,red/orange,0,W,May
3,13,Greco di Tufo,yellow,13,W,May
3,14,Greco di Tufo,pink,29,W,May
3,15,Greco di Tufo,yellow,36,W,May
3,16,Greco di Tufo,yellow,27,W,May
3,17,Tinta Francisca,red/orange,10,W,May
3,18,Tinta Francisca,red/orange,24,W,May
3,19,Tinta Francisca,yellow,6,W,May
3,20,Tinta Francisca,yellow,17,W,May
3,21,Tinta Francisca,pink,13,W,May
3,22,Petit Manseng,yellow,17,W,May
3,23,Petit Manseng,red/orange,0,W,May
3,24,Petit Manseng,red/orange,24,W,May
3,25,Petit Manseng,red/orange,14,W,May
3,26,Petit Manseng,red/orange,18,W,May
3,27,Falanghina,yellow,39,W,May
3,28,Falanghina,red/orange,44,W,May
3,29,Falanghina,red/orange,10,W,May
3,30,Falanghina,red/orange,35,W,May
3,31,Falanghina,pink,15,W,May
4,2,Falanghina,yellow,32,W,May
4,3,Falanghina,pink,35,W,May
4,4,Falanghina,red/orange,29,W,May
4,5,Falanghina,red/orange,19,W,May
4,6,Falanghina,red/orange,0,W,May
4,7,Greco di Tufo,pink,18,W,May
4,8,Greco di Tufo,red/orange,0,W,May
4,9,Greco di Tufo,red/orange,0,W,May
4,10,Greco di Tufo,pink,35,W,May
4,11,Greco di Tufo,yellow,39,W,May
4,12,Albarino,pink,35,W,May
4,13,Albarino,yellow,30,W,May
4,14,Albarino,red/orange,25,W,May
4,16,Albarino,red/orange,34,W,May
4,23,Albarino,red/orange,37,W,May
4,24,Albarino,yellow,30,W,May
4,25,Albarino,red/orange,25,W,May
4,26,Albarino,pink,34,W,May
4,27,Tinta Francisca,pink,37,W,May
4,28,Tinta Francisca,red/orange,11,W,May
4,29,Tinta Francisca,red/orange,39,W,May
4,30,Tinta Francisca,pink,19,W,May
4,31,Tinta Francisca,yellow,16,W,May
4,32,Graciano,red/orange,0,W,May
4,33,Graciano,pink,23,W,May
4,34,Graciano,yellow,17,W,May
4,35,Graciano,yellow,0,W,May
4,36,Graciano,red/orange,12,W,May
4,37,Ciliegiolo,pink,33,W,May
4,38,Ciliegiolo,yellow,21,W,May
4,39,Ciliegiolo,red/orange,10,W,May
4,40,Ciliegiolo,pink,15,W,May
4,41,Ciliegiolo,pink,24,W,May
5,2,Ciliegiolo,yellow,37,W,May
5,3,Ciliegiolo,red/orange,11,W,May
5,4,Ciliegiolo,yellow,12,W,May
5,5,Ciliegiolo,pink,27,W,May
5,6,Ciliegiolo,yellow,36,W,May
5,7,Periquita,red/orange,19,W,May
5,8,Periquita,red/orange,18,W,May
5,9,Periquita,pink,35,W,May
5,10,Periquita,pink,21,W,May
5,11,Periquita,yellow,32,W,May
5,12,Ciliegiolo,yellow,13,W,May
5,13,Ciliegiolo,red/orange,11,W,May
5,14,Ciliegiolo,pink,40,W,May
5,15,Ciliegiolo,pink,28,W,May
5,16,Ciliegiolo,yellow,29,W,May
5,17,Petit Manseng,pink,13,W,May
5,18,Petit Manseng,pink,21,W,May
5,19,Petit Manseng,pink,19,W,May
5,20,Petit Manseng,yellow,24,W,May
5,22,Greco di Tufo,pink,39,W,May
5,23,Greco di Tufo,red/orange,17,W,May
5,24,Greco di Tufo,pink,15,W,May
5,25,Greco di Tufo,red/orange,11,W,May
5,26,Greco di Tufo,pink,25,W,May
5,27,Teroldego,red/orange,33,W,May
5,28,Teroldego,pink,43,W,May
5,29,Teroldego,red/orange,33,W,May
5,30,Teroldego,red/orange,33,W,May
5,31,Teroldego,pink,39,W,May
5,32,Tinta Amarella,yellow,31,W,May
5,33,Tinta Amarella,yellow,18,W,May
5,34,Tinta Amarella,red/orange,14,W,May
5,35,Tinta Amarella,pink,38,W,May
5,36,Tinta Amarella,pink,20,W,May
5,37,Falanghina,yellow,28,W,May
5,38,Falanghina,red/orange,31,W,May
5,39,Falanghina,red/orange,30,W,May
5,40,Falanghina,yellow,30,W,May
5,41,Falanghina,pink,21,W,May
6,2,Albarino,yellow,29,W,May
6,3,Albarino,pink,37,W,May
6,4,Albarino,red/orange,22,W,May
6,5,Albarino,pink,30,W,May
6,6,Albarino,pink,33,W,May
6,7,Petit Manseng,yellow,18,W,May
6,8,Petit Manseng,red/orange,5,W,May
6,9,Petit Manseng,yellow,23,W,May
6,11,Petit Manseng,red/orange,17,W,May
6,12,Teroldego,red/orange,14,W,May
6,13,Teroldego,pink,40,W,May
6,14,Teroldego,yellow,31,W,May
6,15,Teroldego,pink,41,W,May
6,16,Teroldego,red/orange,49,W,May
6,17,Mencia,yellow,5,W,May
6,18,Mencia,red/orange,18,W,May
6,19,Mencia,red/orange,6,W,May
6,20,Mencia,red/orange,8,W,May
6,21,Mencia,yellow,22,W,May
6,22,Tinta Amarella,pink,24,W,May
6,23,Tinta Amarella,pink,25,W,May
6,24,Tinta Amarella,yellow,30,W,May
6,25,Tinta Amarella,red/orange,34,W,May
6,26,Tinta Amarella,pink,21,W,May
6,27,Sagrantino,yellow,26,W,May
6,28,Sagrantino,pink,17,W,May
6,29,Sagrantino,yellow,20,W,May
6,30,Sagrantino,pink,21,W,May
6,31,Sagrantino,yellow,19,W,May
6,32,Falanghina,yellow,25,W,May
6,33,Falanghina,yellow,34,W,May
6,34,Falanghina,yellow,20,W,May
6,35,Falanghina,yellow,28,W,May
6,36,Falanghina,pink,35,W,May
6,37,Graciano,yellow,25,W,May
6,38,Graciano,red/orange,10,W,May
6,39,Graciano,pink,30,W,May
6,40,Graciano,red/orange,6,W,May
6,41,Graciano,pink,20,W,May
7,3,Mencia,pink,19,W,May
7,5,Mencia,red/orange,10,W,May
7,6,Mencia,pink,17,W,May
7,7,Albarino,pink,26,W,May
7,8,Albarino,red/orange,21,W,May
7,10,Albarino,red/orange,27,W,May
7,12,Sagrantino,red/orange,6,W,May
7,13,Sagrantino,yellow,13,W,May
7,14,Sagrantino,red/orange,13,W,May
7,15,Sagrantino,red/orange,23,W,May
7,16,Sagrantino,red/orange,10,W,May
7,17,Graciano,red/orange,17,W,May
7,18,Graciano,pink,18,W,May
7,19,Graciano,pink,25,W,May
7,20,Graciano,red/orange,10,W,May
7,21,Graciano,red/orange,22,W,May
7,22,Ciliegiolo,red/orange,39,W,May
7,23,Ciliegiolo,pink,31,W,May
7,24,Ciliegiolo,red/orange,17,W,May
7,26,Ciliegiolo,yellow,31,W,May
7,32,Albarino,yellow,39,W,May
7,33,Albarino,red/orange,53,W,May
7,34,Albarino,yellow,53,W,May
7,35,Albarino,red/orange,21,W,May
7,36,Albarino,red/orange,0,W,May
7,37,Greco di Tufo,yellow,21,W,May
7,38,Greco di Tufo,yellow,40,W,May
7,39,Greco di Tufo,red/orange,16,W,May
7,40,Greco di Tufo,red/orange,52,W,May
7,41,Greco di Tufo,yellow,32,W,May
8,2,Sagrantino,yellow,19,W,May
8,4,Sagrantino,pink,23,W,May
8,5,Sagrantino,red/orange,15,W,May
8,6,Sagrantino,red/orange,0,W,May
8,7,Falanghina,red/orange,28,W,May
8,8,Falanghina,pink,26,W,May
8,9,Falanghina,pink,19,W,May
8,10,Falanghina,red/orange,28,W,May
8,11,Falanghina,red/orange,26,W,May
8,12,Mencia,red/orange,19,W,May
8,13,Mencia,yellow,10,W,May
8,15,Mencia,yellow,14,W,May
8,16,Mencia,yellow,14,W,May
8,17,Albarino,red/orange,15,W,May
8,18,Albarino,yellow,23,W,May
8,19,Albarino,yellow,13,W,May
8,21,Albarino,yellow,32,W,May
8,22,Periquita,yellow,39,W,May
8,23,Periquita,pink,27,W,May
8,24,Periquita,red/orange,4,W,May
8,25,Periquita,red/orange,5,W,May
8,26,Periquita,red/orange,29,W,May
8,27,Albarino,pink,0,W,May
8,28,Albarino,yellow,36,W,May
8,29,Albarino,pink,30,W,May
8,30,Albarino,red/orange,19,W,May
8,32,Tannat,red/orange,17,W,May
8,33,Tannat,yellow,0,W,May
8,34,Tannat,yellow,0,W,May
8,35,Tannat,red/orange,8,W,May
8,36,Tannat,yellow,0,W,May
8,37,Periquita,red/orange,16,W,May
8,38,Periquita,yellow,9,W,May
8,39,Periquita,red/orange,31,W,May
8,40,Periquita,red/orange,34,W,May
8,41,Periquita,yellow,11,W,May
9,2,Tannat,red/orange,5,W,May
9,4,Tannat,yellow,3,W,May
9,6,Tannat,red/orange,0,W,May
9,7,Tinta Amarella,red/orange,12,W,May
9,8,Tinta Amarella,pink,10,W,May
9,11,Tinta Amarella,pink,6,W,May
9,12,Petit Manseng,red/orange,24,W,May
9,13,Petit Manseng,yellow,29,W,May
9,14,Petit Manseng,yellow,15,W,May
9,15,Petit Manseng,pink,14,W,May
9,16,Petit Manseng,pink,9,W,May
9,17,Teroldego,yellow,49,W,May
9,18,Teroldego,yellow,9,W,May
9,19,Teroldego,red/orange,4,W,May
9,20,Teroldego,red/orange,25,W,May
9,27,Tannat,red/orange,4,W,May
9,28,Tannat,yellow,0,W,May
9,29,Tannat,red/orange,0,W,May
9,30,Tannat,red/orange,3,W,May
9,31,Tannat,pink,11,W,May
9,32,Periquita,yellow,19,W,May
9,33,Periquita,yellow,9,W,May
9,34,Periquita,yellow,14,W,May
9,35,Periquita,red/orange,27,W,May
9,37,Mencia,pink,20,W,May
9,38,Mencia,pink,15,W,May
9,39,Mencia,yellow,8,W,May
9,40,Mencia,pink,20,W,May
9,41,Mencia,pink,22,W,May
10,2,Periquita,yellow,10,W,May
10,3,Periquita,yellow,34,W,May
10,4,Periquita,pink,22,W,May
10,5,Periquita,pink,8,W,May
10,6,Periquita,yellow,26,W,May
10,7,Mencia,yellow,16,W,May
10,8,Mencia,yellow,10,W,May
10,10,Mencia,red/orange,11,W,May
10,11,Mencia,yellow,10,W,May
10,17,Greco di Tufo,pink,14,W,May
10,18,Greco di Tufo,yellow,37,W,May
10,19,Greco di Tufo,red/orange,39,W,May
10,20,Greco di Tufo,yellow,28,W,May
10,21,Greco di Tufo,pink,44,W,May
10,22,Tinta Francisca,pink,8,W,May
10,23,Tinta Francisca,yellow,5,W,May
10,24,Tinta Francisca,yellow,6,W,May
10,25,Tinta Francisca,pink,6,W,May
10,26,Tinta Francisca,yellow,11,W,May
10,27,Petit Manseng,yellow,22,W,May
10,28,Petit Manseng,red/orange,20,W,May
10,29,Petit Manseng,pink,0,W,May
10,30,Petit Manseng,pink,25,W,May
10,31,Petit Manseng,pink,23,W,May
10,32,Teroldego,yellow,18,W,May
10,33,Teroldego,yellow,46,W,May
10,34,Teroldego,yellow,17,W,May
10,35,Teroldego,pink,24,W,May
10,36,Teroldego,pink,61,W,May
10,37,Tannat,yellow,0,W,May
10,38,Tannat,pink,15,W,May
10,39,Tannat,red/orange,14,W,May
10,40,Tannat,red/orange,13,W,May
10,41,Tannat,yellow,21,W,May
11,2,Tinta Francisca,red/orange,0,W,May
11,3,Tinta Francisca,yellow,13,W,May
11,4,Tinta Francisca,yellow,18,W,May
11,5,Tinta Francisca,red/orange,9,W,May
11,6,Tinta Francisca,red/orange,5,W,May
11,7,Graciano,pink,6,W,May
11,8,Graciano,red/orange,15,W,May
11,9,Graciano,yellow,27,W,May
11,10,Graciano,red/orange,21,W,May
11,11,Graciano,pink,8,W,May
11,12,Periquita,yellow,14,W,May
11,13,Periquita,pink,18,W,May
11,14,Periquita,pink,22,W,May
11,15,Periquita,pink,6,W,May
11,16,Periquita,red/orange,14,W,May
11,17,Tinta Amarella,red/orange,0,W,May
11,18,Tinta Amarella,pink,41,W,May
11,19,Tinta Amarella,red/orange,14,W,May
11,20,Tinta Amarella,yellow,10,W,May
11,21,Tinta Amarella,red/orange,16,W,May
11,22,Falanghina,pink,20,W,May
11,23,Falanghina,yellow,25,W,May
11,24,Falanghina,yellow,35,W,May
11,25,Falanghina,pink,37,W,May
11,26,Falanghina,red/orange,30,W,May
11,27,Mencia,yellow,4,W,May
11,28,Mencia,red/orange,3,W,May
11,29,Mencia,pink,8,W,May
11,30,Mencia,yellow,7,W,May
11,31,Mencia,red/orange,5,W,May
11,32,Ciliegiolo,red/orange,8,W,May
11,33,Ciliegiolo,pink,15,W,May
11,34,Ciliegiolo,red/orange,7,W,May
11,35,Ciliegiolo,pink,6,W,May
11,36,Ciliegiolo,yellow,22,W,May
11,37,Teroldego,pink,24,W,May
11,38,Teroldego,yellow,22,W,May
11,39,Teroldego,yellow,30,W,May
11,40,Teroldego,yellow,35,W,May
11,41,Teroldego,red/orange,4,W,May
12,2,Petit Manseng,pink,9,W,May
12,3,Petit Manseng,red/orange,5,W,May
12,4,Petit Manseng,red/orange,16,W,May
12,5,Petit Manseng,pink,27,W,May
12,6,Petit Manseng,yellow,12,W,May
12,7,Tinta Francisca,red/orange,14,W,May
12,8,Tinta Francisca,red/orange,16,W,May
12,9,Tinta Francisca,yellow,12,W,May
12,10,Tinta Francisca,yellow,16,W,May
12,11,Tinta Francisca,yellow,17,W,May
12,12,Tannat,yellow,0,W,May
12,13,Tannat,pink,8,W,May
12,14,Tannat,pink,28,W,May
12,15,Tannat,yellow,11,W,May
12,16,Tannat,red/orange,9,W,May
12,17,Ciliegiolo,red/orange,22,W,May
12,19,Ciliegiolo,yellow,40,W,May
12,20,Ciliegiolo,yellow,13,W,May
12,21,Ciliegiolo,yellow,35,W,May
12,22,Graciano,yellow,6,W,May
12,23,Graciano,yellow,10,W,May
12,24,Graciano,yellow,6,W,May
12,25,Graciano,pink,15,W,May
12,26,Graciano,pink,8,W,May
12,27,Periquita,yellow,5,W,May
12,28,Periquita,red/orange,21,W,May
12,29,Periquita,yellow,16,W,May
12,30,Periquita,pink,31,W,May
12,31,Periquita,red/orange,13,W,May
12,32,Mencia,red/orange,13,W,May
12,33,Mencia,red/orange,5,W,May
12,35,Mencia,pink,3,W,May
12,36,Mencia,red/orange,8,W,May
12,37,Tinta Amarella,pink,7,W,May
12,38,Tinta Amarella,red/orange,6,W,May
12,39,Tinta Amarella,yellow,14,W,May
12,40,Tinta Amarella,yellow,13,W,May
12,41,Tinta Amarella,yellow,7,W,May
13,7,Ciliegiolo,red/orange,6,W,May
13,8,Ciliegiolo,red/orange,8,W,May
13,9,Ciliegiolo,red/orange,55,W,May
13,10,Ciliegiolo,red/orange,13,W,May
13,11,Ciliegiolo,red/orange,10,W,May
13,12,Graciano,pink,9,W,May
13,13,Graciano,red/orange,1,W,May
13,14,Graciano,yellow,9,W,May
13,15,Graciano,yellow,1,W,May
13,16,Graciano,red/orange,4,W,May
13,17,Falanghina,yellow,12,W,May
13,18,Falanghina,pink,27,W,May
13,19,Falanghina,yellow,13,W,May
13,20,Falanghina,pink,11,W,May
13,21,Falanghina,red/orange,8,W,May
13,22,Sagrantino,yellow,7,W,May
13,23,Sagrantino,pink,12,W,May
13,24,Sagrantino,red/orange,12,W,May
13,26,Sagrantino,yellow,13,W,May
13,27,Tinta Amarella,red/orange,12,W,May
13,28,Tinta Amarella,yellow,17,W,May
13,29,Tinta Amarella,yellow,17,W,May
13,30,Tinta Amarella,yellow,3,W,May
13,31,Tinta Amarella,pink,13,W,May
13,32,Greco di Tufo,red/orange,9,W,May
13,33,Greco di Tufo,red/orange,5,W,May
13,34,Greco di Tufo,yellow,14,W,May
13,35,Greco di Tufo,yellow,7,W,May
13,36,Greco di Tufo,pink,30,W,May
13,37,Tinta Francisca,pink,7,W,May
13,38,Tinta Francisca,yellow,6,W,May
13,39,Tinta Francisca,red/orange,5,W,May
13,40,Tinta Francisca,red/orange,7,W,May
13,41,Tinta Francisca,red/orange,7,W,May
14,7,Tannat,pink,15,W,May
14,8,Tannat,red/orange,17,W,May
14,9,Tannat,yellow,14,W,May
14,10,Tannat,pink,19,W,May
14,11,Tannat,yellow,10,W,May
14,12,Tinta Amarella,red/orange,24,W,May
14,13,Tinta Amarella,yellow,17,W,May
14,14,Tinta Amarella,red/orange,10,W,May
14,15,Tinta Amarella,yellow,28,W,May
14,16,Tinta Amarella,red/orange,15,W,May
14,17,Periquita,yellow,8,W,May
14,18,Periquita,yellow,19,W,May
14,19,Periquita,pink,18,W,May
14,20,Periquita,red/orange,33,W,May
14,21,Periquita,red/orange,20,W,May
14,22,Tannat,pink,4,W,May
14,23,Tannat,red/orange,7,W,May
14,24,Tannat,yellow,16,W,May
14,25,Tannat,pink,0,W,May
14,26,Tannat,red/orange,14,W,May
14,27,Greco di Tufo,red/orange,14,W,May
14,28,Greco di Tufo,red/orange,37,W,May
14,29,Greco di Tufo,pink,29,W,May
14,30,Greco di Tufo,yellow,16,W,May
14,31,Greco di Tufo,yellow,25,W,May
14,32,Sagrantino,red/orange,9,W,May
14,33,Sagrantino,pink,12,W,May
14,34,Sagrantino,pink,15,W,May
14,35,Sagrantino,pink,29,W,May
14,37,Petit Manseng,red/orange,21,W,May
14,38,Petit Manseng,red/orange,25,W,May
14,39,Petit Manseng,yellow,5,W,May
14,40,Petit Manseng,yellow,18,W,May
15,3,Tinta Amarella,red/orange,8,W,May
15,4,Tinta Amarella,yellow,7,W,May
15,5,Tinta Amarella,red/orange,7,W,May
15,6,Tinta Amarella,red/orange,22,W,May
15,7,Teroldego,yellow,11,W,May
15,9,Teroldego,red/orange,35,W,May
15,10,Teroldego,pink,21,W,May
15,11,Teroldego,red/orange,30,W,May
15,12,Falanghina,yellow,28,W,May
15,13,Falanghina,yellow,5,W,May
15,14,Falanghina,red/orange,40,W,May
15,15,Falanghina,yellow,18,W,May
15,16,Falanghina,red/orange,18,W,May
15,17,Sagrantino,pink,5,W,May
15,18,Sagrantino,red/orange,21,W,May
15,19,Sagrantino,yellow,30,W,May
15,20,Sagrantino,pink,14,W,May
15,21,Sagrantino,red/orange,8,W,May
15,22,Mencia,red/orange,11,W,May
15,23,Mencia,pink,1,W,May
15,24,Mencia,yellow,6,W,May
15,25,Mencia,pink,11,W,May
15,26,Mencia,yellow,2,W,May
15,27,Ciliegiolo,yellow,3,W,May
15,28,Ciliegiolo,yellow,9,W,May
15,29,Ciliegiolo,pink,11,W,May
15,30,Ciliegiolo,red/orange,5,W,May
15,31,Ciliegiolo,yellow,37,W,May
15,33,Tinta Francisca,yellow,8,W,May
15,34,Tinta Francisca,pink,28,W,May
15,35,Tinta Francisca,pink,9,W,May
15,36,Tinta Francisca,red/orange,2,W,May
16,3,Greco di Tufo,yellow,36,W,May
16,4,Greco di Tufo,red/orange,37,W,May
16,6,Greco di Tufo,red/orange,37,W,May
16,12,Tinta Francisca,pink,14,W,May
16,13,Tinta Francisca,pink,11,W,May
16,14,Tinta Francisca,red/orange,15,W,May
16,16,Tinta Francisca,yellow,10,W,May
16,17,Tannat,pink,0,W,May
16,18,Tannat,red/orange,9,W,May
16,19,Tannat,pink,31,W,May
16,20,Tannat,yellow,16,W,May
16,21,Tannat,yellow,13,W,May
16,22,Teroldego,yellow,41,W,May
16,23,Teroldego,red/orange,17,W,May
16,24,Teroldego,yellow,41,W,May
16,25,Teroldego,red/orange,11,W,May
16,26,Teroldego,red/orange,46,W,May
16,27,Graciano,red/orange,4,W,May
16,28,Graciano,yellow,4,W,May
16,29,Graciano,yellow,12,W,May
16,30,Graciano,yellow,2,W,May
16,32,Petit Manseng,yellow,13,W,May
16,33,Petit Manseng,yellow,25,W,May
16,34,Petit Manseng,red/orange,9,W,May
16,36,Petit Manseng,yellow,15,W,May
16,37,Sagrantino,yellow,11,W,May
2,22,Albarino,yellow,47,WC,May
2,23,Albarino,yellow,25,WC,May
2,24,Albarino,yellow,21,WC,May
2,25,Albarino,pink,34,WC,May
3,17,Tinta Francisca,red/orange,6,WC,May
3,18,Tinta Francisca,red/orange,18,WC,May
3,19,Tinta Francisca,yellow,10,WC,May
3,20,Tinta Francisca,yellow,23,WC,May
3,21,Tinta Francisca,pink,15,WC,May
4,12,Albarino,pink,31,WC,May
4,13,Albarino,yellow,24,WC,May
4,14,Albarino,red/orange,56,WC,May
4,16,Albarino,red/orange,42,WC,May
4,23,Albarino,red/orange,33,WC,May
4,24,Albarino,yellow,24,WC,May
4,25,Albarino,red/orange,56,WC,May
4,26,Albarino,pink,42,WC,May
4,27,Tinta Francisca,pink,33,WC,May
4,28,Tinta Francisca,red/orange,36,WC,May
4,29,Tinta Francisca,red/orange,34,WC,May
4,30,Tinta Francisca,pink,32,WC,May
4,31,Tinta Francisca,yellow,16,WC,May
6,2,Albarino,yellow,43,WC,May
6,3,Albarino,pink,26,WC,May
6,4,Albarino,red/orange,32,WC,May
6,5,Albarino,pink,29,WC,May
6,6,Albarino,pink,31,WC,May
7,7,Albarino,pink,29,WC,May
7,8,Albarino,red/orange,21,WC,May
7,10,Albarino,red/orange,39,WC,May
7,32,Albarino,yellow,26,WC,May
7,33,Albarino,red/orange,40,WC,May
7,34,Albarino,yellow,49,WC,May
7,35,Albarino,red/orange,6,WC,May
7,36,Albarino,red/orange,33,WC,May
8,17,Albarino,red/orange,48,WC,May
8,18,Albarino,yellow,47,WC,May
8,19,Albarino,yellow,45,WC,May
8,21,Albarino,yellow,59,WC,May
8,22,Periquita,yellow,31,WC,May
8,27,Albarino,pink,25,WC,May
8,28,Albarino,yellow,50,WC,May
8,29,Albarino,pink,59,WC,May
8,30,Albarino,red/orange,23,WC,May
8,32,Tannat,red/orange,18,WC,May
8,33,Tannat,yellow,9,WC,May
8,34,Tannat,yellow,9,WC,May
8,35,Tannat,red/orange,19,WC,May
8,36,Tannat,yellow,11,WC,May
9,2,Tannat,red/orange,20,WC,May
9,4,Tannat,yellow,15,WC,May
9,6,Tannat,red/orange,11,WC,May
9,27,Tannat,red/orange,18,WC,May
9,28,Tannat,yellow,17,WC,May
9,29,Tannat,red/orange,8,WC,May
9,30,Tannat,red/orange,13,WC,May
9,31,Tannat,pink,15,WC,May
10,22,Tinta Francisca,pink,9,WC,May
10,23,Tinta Francisca,yellow,10,WC,May
10,24,Tinta Francisca,yellow,14,WC,May
10,25,Tinta Francisca,pink,14,WC,May
10,26,Tinta Francisca,yellow,15,WC,May
10,37,Tannat,yellow,10,WC,May
10,38,Tannat,pink,11,WC,May
10,39,Tannat,red/orange,15,WC,May
10,40,Tannat,red/orange,11,WC,May
10,41,Tannat,yellow,22,WC,May
11,2,Tinta Francisca,red/orange,16,WC,May
11,3,Tinta Francisca,yellow,19,WC,May
11,4,Tinta Francisca,yellow,10,WC,May
11,5,Tinta Francisca,red/orange,15,WC,May
11,6,Tinta Francisca,red/orange,19,WC,May
12,7,Tinta Francisca,red/orange,11,WC,May
12,8,Tinta Francisca,red/orange,17,WC,May
12,9,Tinta Francisca,yellow,21,WC,May
12,10,Tinta Francisca,yellow,15,WC,May
12,11,Tinta Francisca,yellow,46,WC,May
12,12,Tannat,yellow,15,WC,May
12,13,Tannat,pink,21,WC,May
12,14,Tannat,pink,13,WC,May
12,15,Tannat,yellow,10,WC,May
12,16,Tannat,red/orange,16,WC,May
13,38,Tinta Francisca,yellow,21,WC,May
13,39,Tinta Francisca,red/orange,13,WC,May
13,40,Tinta Francisca,red/orange,7,WC,May
13,41,Tinta Francisca,red/orange,29,WC,May
14,7,Tannat,pink,30,WC,May
14,8,Tannat,red/orange,16,WC,May
14,9,Tannat,yellow,12,WC,May
14,10,Tannat,pink,15,WC,May
14,11,Tannat,yellow,24,WC,May
14,22,Tannat,pink,12,WC,May
14,23,Tannat,red/orange,22,WC,May
14,24,Tannat,yellow,26,WC,May
14,25,Tannat,pink,3,WC,May
14,26,Tannat,red/orange,10,WC,May
15,33,Tinta Francisca,yellow,11,WC,May
15,34,Tinta Francisca,pink,11,WC,May
15,35,Tinta Francisca,pink,13,WC,May
15,36,Tinta Francisca,red/orange,12,WC,May
16,12,Tinta Francisca,pink,17,WC,May
16,13,Tinta Francisca,pink,13,WC,May
16,14,Tinta Francisca,red/orange,14,WC,May
16,16,Tinta Francisca,yellow,28,WC,May
16,17,Tannat,pink,0,WC,May
16,18,Tannat,red/orange,16,WC,May
16,19,Tannat,pink,12,WC,May
16,20,Tannat,yellow,12,WC,May
16,21,Tannat,yellow,15,WC,May
2,22,Albarino,yellow,42,WC,May
2,23,Albarino,yellow,31,WC,May
2,24,Albarino,yellow,21,WC,May
2,25,Albarino,pink,27,WC,May
3,17,Tinta Francisca,red/orange,13,WC,May
3,18,Tinta Francisca,red/orange,20,WC,May
3,19,Tinta Francisca,yellow,16,WC,May
3,20,Tinta Francisca,yellow,12,WC,May
3,21,Tinta Francisca,pink,16,WC,May
4,12,Albarino,pink,44,WC,May
4,13,Albarino,yellow,31,WC,May
4,14,Albarino,red/orange,32,WC,May
4,16,Albarino,red/orange,37,WC,May
4,23,Albarino,red/orange,29,WC,May
4,24,Albarino,yellow,31,WC,May
4,25,Albarino,red/orange,32,WC,May
4,26,Albarino,pink,37,WC,May
4,27,Tinta Francisca,pink,29,WC,May
4,28,Tinta Francisca,red/orange,32,WC,May
4,29,Tinta Francisca,red/orange,38,WC,May
4,30,Tinta Francisca,pink,37,WC,May
4,31,Tinta Francisca,yellow,15,WC,May
6,2,Albarino,yellow,48,WC,May
6,3,Albarino,pink,27,WC,May
6,4,Albarino,red/orange,42,WC,May
6,5,Albarino,pink,35,WC,May
6,6,Albarino,pink,22,WC,May
7,7,Albarino,pink,33,WC,May
7,8,Albarino,red/orange,20,WC,May
7,10,Albarino,red/orange,46,WC,May
7,32,Albarino,yellow,63,WC,May
7,33,Albarino,red/orange,37,WC,May
7,34,Albarino,yellow,42,WC,May
7,35,Albarino,red/orange,17,WC,May
7,36,Albarino,red/orange,37,WC,May
8,17,Albarino,red/orange,50,WC,May
8,18,Albarino,yellow,56,WC,May
8,19,Albarino,yellow,46,WC,May
8,21,Albarino,yellow,44,WC,May
8,22,Periquita,yellow,27,WC,May
8,27,Albarino,pink,26,WC,May
8,28,Albarino,yellow,21,WC,May
8,29,Albarino,pink,72,WC,May
8,30,Albarino,red/orange,40,WC,May
8,32,Tannat,red/orange,8,WC,May
8,33,Tannat,yellow,7,WC,May
8,34,Tannat,yellow,16,WC,May
8,35,Tannat,red/orange,17,WC,May
8,36,Tannat,yellow,25,WC,May
9,2,Tannat,red/orange,13,WC,May
9,4,Tannat,yellow,6,WC,May
9,6,Tannat,red/orange,8,WC,May
9,27,Tannat,red/orange,27,WC,May
9,28,Tannat,yellow,20,WC,May
9,29,Tannat,red/orange,8,WC,May
9,30,Tannat,red/orange,9,WC,May
9,31,Tannat,pink,22,WC,May
10,22,Tinta Francisca,pink,11,WC,May
10,23,Tinta Francisca,yellow,9,WC,May
10,24,Tinta Francisca,yellow,14,WC,May
10,25,Tinta Francisca,pink,10,WC,May
10,26,Tinta Francisca,yellow,12,WC,May
10,37,Tannat,yellow,22,WC,May
10,38,Tannat,pink,16,WC,May
10,39,Tannat,red/orange,13,WC,May
10,40,Tannat,red/orange,16,WC,May
10,41,Tannat,yellow,22,WC,May
11,2,Tinta Francisca,red/orange,16,WC,May
11,3,Tinta Francisca,yellow,30,WC,May
11,4,Tinta Francisca,yellow,22,WC,May
11,5,Tinta Francisca,red/orange,9,WC,May
11,6,Tinta Francisca,red/orange,15,WC,May
12,7,Tinta Francisca,red/orange,5,WC,May
12,8,Tinta Francisca,red/orange,8,WC,May
12,9,Tinta Francisca,yellow,12,WC,May
12,10,Tinta Francisca,yellow,13,WC,May
12,11,Tinta Francisca,yellow,27,WC,May
12,12,Tannat,yellow,19,WC,May
12,13,Tannat,pink,26,WC,May
12,14,Tannat,pink,18,WC,May
12,15,Tannat,yellow,14,WC,May
12,16,Tannat,red/orange,17,WC,May
13,38,Tinta Francisca,yellow,5,WC,May
13,39,Tinta Francisca,red/orange,12,WC,May
13,40,Tinta Francisca,red/orange,3,WC,May
13,41,Tinta Francisca,red/orange,21,WC,May
14,7,Tannat,pink,23,WC,May
14,8,Tannat,red/orange,18,WC,May
14,9,Tannat,yellow,7,WC,May
14,10,Tannat,pink,22,WC,May
14,11,Tannat,yellow,19,WC,May
14,22,Tannat,pink,13,WC,May
14,23,Tannat,red/orange,10,WC,May
14,24,Tannat,yellow,24,WC,May
14,25,Tannat,pink,3,WC,May
14,26,Tannat,red/orange,12,WC,May
15,33,Tinta Francisca,yellow,4,WC,May
15,34,Tinta Francisca,pink,8,WC,May
15,35,Tinta Francisca,pink,12,WC,May
15,36,Tinta Francisca,red/orange,9,WC,May
16,12,Tinta Francisca,pink,25,WC,May
16,13,Tinta Francisca,pink,14,WC,May
16,14,Tinta Francisca,red/orange,12,WC,May
16,16,Tinta Francisca,yellow,16,WC,May
16,17,Tannat,pink,0,WC,May
16,18,Tannat,red/orange,17,WC,May
16,19,Tannat,pink,9,WC,May
16,20,Tannat,yellow,18,WC,May
16,21,Tannat,yellow,17,WC,May
2,22,Albarino,yellow,58,WC,May
2,23,Albarino,yellow,39,WC,May
2,24,Albarino,yellow,41,WC,May
2,25,Albarino,pink,21,WC,May
3,17,Tinta Francisca,red/orange,21,WC,May
3,18,Tinta Francisca,red/orange,11,WC,May
3,19,Tinta Francisca,yellow,14,WC,May
3,20,Tinta Francisca,yellow,21,WC,May
3,21,Tinta Francisca,pink,9,WC,May
4,12,Albarino,pink,35,WC,May
4,13,Albarino,yellow,28,WC,May
4,14,Albarino,red/orange,27,WC,May
4,16,Albarino,red/orange,18,WC,May
4,23,Albarino,red/orange,10,WC,May
4,24,Albarino,yellow,28,WC,May
4,25,Albarino,red/orange,27,WC,May
4,26,Albarino,pink,18,WC,May
4,27,Tinta Francisca,pink,10,WC,May
4,28,Tinta Francisca,red/orange,23,WC,May
4,29,Tinta Francisca,red/orange,50,WC,May
4,30,Tinta Francisca,pink,23,WC,May
4,31,Tinta Francisca,yellow,18,WC,May
6,2,Albarino,yellow,50,WC,May
6,3,Albarino,pink,36,WC,May
6,4,Albarino,red/orange,27,WC,May
6,5,Albarino,pink,22,WC,May
6,6,Albarino,pink,30,WC,May
7,7,Albarino,pink,28,WC,May
7,8,Albarino,red/orange,18,WC,May
7,10,Albarino,red/orange,35,WC,May
7,32,Albarino,yellow,41,WC,May
7,33,Albarino,red/orange,56,WC,May
7,34,Albarino,yellow,32,WC,May
7,35,Albarino,red/orange,11,WC,May
7,36,Albarino,red/orange,55,WC,May
8,17,Albarino,red/orange,47,WC,May
8,18,Albarino,yellow,16,WC,May
8,19,Albarino,yellow,28,WC,May
8,21,Albarino,yellow,35,WC,May
8,22,Periquita,yellow,41,WC,May
8,27,Albarino,pink,27,WC,May
8,28,Albarino,yellow,25,WC,May
8,29,Albarino,pink,63,WC,May
8,30,Albarino,red/orange,10,WC,May
8,32,Tannat,red/orange,22,WC,May
8,33,Tannat,yellow,25,WC,May
8,34,Tannat,yellow,5,WC,May
8,35,Tannat,red/orange,17,WC,May
8,36,Tannat,yellow,20,WC,May
9,2,Tannat,red/orange,3,WC,May
9,4,Tannat,yellow,14,WC,May
9,6,Tannat,red/orange,7,WC,May
9,27,Tannat,red/orange,16,WC,May
9,28,Tannat,yellow,17,WC,May
9,29,Tannat,red/orange,4,WC,May
9,30,Tannat,red/orange,10,WC,May
9,31,Tannat,pink,34,WC,May
10,22,Tinta Francisca,pink,6,WC,May
10,23,Tinta Francisca,yellow,6,WC,May
10,24,Tinta Francisca,yellow,17,WC,May
10,25,Tinta Francisca,pink,11,WC,May
10,26,Tinta Francisca,yellow,7,WC,May
10,37,Tannat,yellow,18,WC,May
10,38,Tannat,pink,12,WC,May
10,39,Tannat,red/orange,19,WC,May
10,40,Tannat,red/orange,14,WC,May
10,41,Tannat,yellow,11,WC,May
11,2,Tinta Francisca,red/orange,15,WC,May
11,3,Tinta Francisca,yellow,20,WC,May
11,4,Tinta Francisca,yellow,11,WC,May
11,5,Tinta Francisca,red/orange,9,WC,May
11,6,Tinta Francisca,red/orange,10,WC,May
12,7,Tinta Francisca,red/orange,8,WC,May
12,8,Tinta Francisca,red/orange,12,WC,May
12,9,Tinta Francisca,yellow,15,WC,May
12,10,Tinta Francisca,yellow,12,WC,May
12,11,Tinta Francisca,yellow,16,WC,May
12,12,Tannat,yellow,23,WC,May
12,13,Tannat,pink,19,WC,May
12,14,Tannat,pink,30,WC,May
12,15,Tannat,yellow,15,WC,May
12,16,Tannat,red/orange,24,WC,May
13,38,Tinta Francisca,yellow,7,WC,May
13,39,Tinta Francisca,red/orange,9,WC,May
13,40,Tinta Francisca,red/orange,11,WC,May
13,41,Tinta Francisca,red/orange,1,WC,May
14,7,Tannat,pink,21,WC,May
14,8,Tannat,red/orange,13,WC,May
14,9,Tannat,yellow,27,WC,May
14,10,Tannat,pink,14,WC,May
14,11,Tannat,yellow,17,WC,May
14,22,Tannat,pink,6,WC,May
14,23,Tannat,red/orange,14,WC,May
14,24,Tannat,yellow,27,WC,May
14,25,Tannat,pink,5,WC,May
14,26,Tannat,red/orange,4,WC,May
15,33,Tinta Francisca,yellow,3,WC,May
15,34,Tinta Francisca,pink,4,WC,May
15,35,Tinta Francisca,pink,5,WC,May
15,36,Tinta Francisca,red/orange,10,WC,May
16,12,Tinta Francisca,pink,8,WC,May
16,13,Tinta Francisca,pink,11,WC,May
16,14,Tinta Francisca,red/orange,15,WC,May
16,16,Tinta Francisca,yellow,14,WC,May
16,17,Tannat,pink,0,WC,May
16,18,Tannat,red/orange,22,WC,May
16,19,Tannat,pink,8,WC,May
16,20,Tannat,yellow,14,WC,May
16,21,Tannat,yellow,18,WC,May
2,22,Albarino,yellow,72,EC,May
2,23,Albarino,yellow,32,EC,May
2,24,Albarino,yellow,33,EC,May
2,25,Albarino,pink,32,EC,May
3,17,Tinta Francisca,red/orange,25,EC,May
3,18,Tinta Francisca,red/orange,13,EC,May
3,19,Tinta Francisca,yellow,17,EC,May
3,20,Tinta Francisca,yellow,8,EC,May
3,21,Tinta Francisca,pink,20,EC,May
4,12,Albarino,pink,34,EC,May
4,13,Albarino,yellow,41,EC,May
4,14,Albarino,red/orange,22,EC,May
4,16,Albarino,red/orange,44,EC,May
4,23,Albarino,red/orange,37,EC,May
4,24,Albarino,yellow,41,EC,May
4,25,Albarino,red/orange,22,EC,May
4,26,Albarino,pink,44,EC,May
4,27,Tinta Francisca,pink,37,EC,May
4,28,Tinta Francisca,red/orange,36,EC,May
4,29,Tinta Francisca,red/orange,22,EC,May
4,30,Tinta Francisca,pink,40,EC,May
4,31,Tinta Francisca,yellow,18,EC,May
6,2,Albarino,yellow,35,EC,May
6,3,Albarino,pink,20,EC,May
6,4,Albarino,red/orange,31,EC,May
6,5,Albarino,pink,30,EC,May
6,6,Albarino,pink,19,EC,May
7,7,Albarino,pink,18,EC,May
7,8,Albarino,red/orange,10,EC,May
7,10,Albarino,red/orange,36,EC,May
7,32,Albarino,yellow,42,EC,May
7,33,Albarino,red/orange,37,EC,May
7,34,Albarino,yellow,27,EC,May
7,35,Albarino,red/orange,61,EC,May
7,36,Albarino,red/orange,51,EC,May
8,17,Albarino,red/orange,53,EC,May
8,18,Albarino,yellow,45,EC,May
8,19,Albarino,yellow,34,EC,May
8,21,Albarino,yellow,55,EC,May
8,22,Periquita,yellow,40,EC,May
8,27,Albarino,pink,43,EC,May
8,28,Albarino,yellow,17,EC,May
8,29,Albarino,pink,37,EC,May
8,30,Albarino,red/orange,39,EC,May
8,32,Tannat,red/orange,22,EC,May
8,33,Tannat,yellow,17,EC,May
8,34,Tannat,yellow,16,EC,May
8,35,Tannat,red/orange,16,EC,May
8,36,Tannat,yellow,22,EC,May
9,2,Tannat,red/orange,6,EC,May
9,4,Tannat,yellow,28,EC,May
9,6,Tannat,red/orange,20,EC,May
9,27,Tannat,red/orange,10,EC,May
9,28,Tannat,yellow,21,EC,May
9,29,Tannat,red/orange,12,EC,May
9,30,Tannat,red/orange,9,EC,May
9,31,Tannat,pink,10,EC,May
10,22,Tinta Francisca,pink,9,EC,May
10,23,Tinta Francisca,yellow,12,EC,May
10,24,Tinta Francisca,yellow,8,EC,May
10,25,Tinta Francisca,pink,13,EC,May
10,26,Tinta Francisca,yellow,11,EC,May
10,37,Tannat,yellow,14,EC,May
10,38,Tannat,pink,10,EC,May
10,39,Tannat,red/orange,14,EC,May
10,40,Tannat,red/orange,20,EC,May
10,41,Tannat,yellow,20,EC,May
11,2,Tinta Francisca,red/orange,16,EC,May
11,3,Tinta Francisca,yellow,26,EC,May
11,4,Tinta Francisca,yellow,19,EC,May
11,5,Tinta Francisca,red/orange,12,EC,May
11,6,Tinta Francisca,red/orange,15,EC,May
12,7,Tinta Francisca,red/orange,13,EC,May
12,8,Tinta Francisca,red/orange,24,EC,May
12,9,Tinta Francisca,yellow,5,EC,May
12,10,Tinta Francisca,yellow,11,EC,May
12,11,Tinta Francisca,yellow,47,EC,May
12,12,Tannat,yellow,25,EC,May
12,13,Tannat,pink,21,EC,May
12,14,Tannat,pink,23,EC,May
12,15,Tannat,yellow,15,EC,May
12,16,Tannat,red/orange,12,EC,May
13,38,Tinta Francisca,yellow,21,EC,May
13,39,Tinta Francisca,red/orange,19,EC,May
13,40,Tinta Francisca,red/orange,15,EC,May
13,41,Tinta Francisca,red/orange,11,EC,May
14,7,Tannat,pink,20,EC,May
14,8,Tannat,red/orange,26,EC,May
14,9,Tannat,yellow,31,EC,May
14,10,Tannat,pink,26,EC,May
14,11,Tannat,yellow,21,EC,May
14,22,Tannat,pink,5,EC,May
14,23,Tannat,red/orange,6,EC,May
14,24,Tannat,yellow,8,EC,May
14,25,Tannat,pink,18,EC,May
14,26,Tannat,red/orange,28,EC,May
15,33,Tinta Francisca,yellow,10,EC,May
15,34,Tinta Francisca,pink,16,EC,May
15,35,Tinta Francisca,pink,12,EC,May
15,36,Tinta Francisca,red/orange,11,EC,May
16,12,Tinta Francisca,pink,12,EC,May
16,13,Tinta Francisca,pink,21,EC,May
16,14,Tinta Francisca,red/orange,13,EC,May
16,16,Tinta Francisca,yellow,7,EC,May
16,17,Tannat,pink,0,EC,May
16,18,Tannat,red/orange,15,EC,May
16,19,Tannat,pink,27,EC,May
16,20,Tannat,yellow,34,EC,May
16,21,Tannat,yellow,18,EC,May
2,22,Albarino,yellow,48,EC,May
2,23,Albarino,yellow,52,EC,May
2,24,Albarino,yellow,35,EC,May
2,25,Albarino,pink,24,EC,May
3,17,Tinta Francisca,red/orange,18,EC,May
3,18,Tinta Francisca,red/orange,6,EC,May
3,19,Tinta Francisca,yellow,4,EC,May
3,20,Tinta Francisca,yellow,8,EC,May
3,21,Tinta Francisca,pink,6,EC,May
4,12,Albarino,pink,36,EC,May
4,13,Albarino,yellow,20,EC,May
4,14,Albarino,red/orange,39,EC,May
4,16,Albarino,red/orange,18,EC,May
4,23,Albarino,red/orange,46,EC,May
4,24,Albarino,yellow,20,EC,May
4,25,Albarino,red/orange,39,EC,May
4,26,Albarino,pink,18,EC,May
4,27,Tinta Francisca,pink,33,EC,May
4,28,Tinta Francisca,red/orange,29,EC,May
4,29,Tinta Francisca,red/orange,18,EC,May
4,30,Tinta Francisca,pink,32,EC,May
4,31,Tinta Francisca,yellow,16,EC,May
6,2,Albarino,yellow,57,EC,May
6,3,Albarino,pink,25,EC,May
6,4,Albarino,red/orange,27,EC,May
6,5,Albarino,pink,15,EC,May
6,6,Albarino,pink,21,EC,May
7,7,Albarino,pink,21,EC,May
7,8,Albarino,red/orange,31,EC,May
7,10,Albarino,red/orange,19,EC,May
7,32,Albarino,yellow,32,EC,May
7,33,Albarino,red/orange,35,EC,May
7,34,Albarino,yellow,52,EC,May
7,35,Albarino,red/orange,38,EC,May
7,36,Albarino,red/orange,53,EC,May
8,17,Albarino,red/orange,38,EC,May
8,18,Albarino,yellow,23,EC,May
8,19,Albarino,yellow,29,EC,May
8,21,Albarino,yellow,24,EC,May
8,22,Periquita,yellow,51,EC,May
8,27,Albarino,pink,35,EC,May
8,28,Albarino,yellow,42,EC,May
8,29,Albarino,pink,47,EC,May
8,30,Albarino,red/orange,31,EC,May
8,32,Tannat,red/orange,21,EC,May
8,33,Tannat,yellow,17,EC,May
8,34,Tannat,yellow,30,EC,May
8,35,Tannat,red/orange,25,EC,May
8,36,Tannat,yellow,18,EC,May
9,2,Tannat,red/orange,19,EC,May
9,4,Tannat,yellow,10,EC,May
9,6,Tannat,red/orange,9,EC,May
9,27,Tannat,red/orange,13,EC,May
9,28,Tannat,yellow,13,EC,May
9,29,Tannat,red/orange,10,EC,May
9,30,Tannat,red/orange,9,EC,May
9,31,Tannat,pink,11,EC,May
10,22,Tinta Francisca,pink,8,EC,May
10,23,Tinta Francisca,yellow,10,EC,May
10,24,Tinta Francisca,yellow,15,EC,May
10,25,Tinta Francisca,pink,13,EC,May
10,26,Tinta Francisca,yellow,15,EC,May
10,37,Tannat,yellow,26,EC,May
10,38,Tannat,pink,20,EC,May
10,39,Tannat,red/orange,14,EC,May
10,40,Tannat,red/orange,12,EC,May
10,41,Tannat,yellow,12,EC,May
11,2,Tinta Francisca,red/orange,19,EC,May
11,3,Tinta Francisca,yellow,19,EC,May
11,4,Tinta Francisca,yellow,11,EC,May
11,5,Tinta Francisca,red/orange,10,EC,May
11,6,Tinta Francisca,red/orange,15,EC,May
12,7,Tinta Francisca,red/orange,14,EC,May
12,8,Tinta Francisca,red/orange,13,EC,May
12,9,Tinta Francisca,yellow,8,EC,May
12,10,Tinta Francisca,yellow,11,EC,May
12,11,Tinta Francisca,yellow,8,EC,May
12,12,Tannat,yellow,10,EC,May
12,13,Tannat,pink,17,EC,May
12,14,Tannat,pink,12,EC,May
12,15,Tannat,yellow,17,EC,May
12,16,Tannat,red/orange,10,EC,May
13,38,Tinta Francisca,yellow,18,EC,May
13,39,Tinta Francisca,red/orange,15,EC,May
13,40,Tinta Francisca,red/orange,6,EC,May
13,41,Tinta Francisca,red/orange,4,EC,May
14,7,Tannat,pink,20,EC,May
14,8,Tannat,red/orange,21,EC,May
14,9,Tannat,yellow,37,EC,May
14,10,Tannat,pink,20,EC,May
14,11,Tannat,yellow,20,EC,May
14,22,Tannat,pink,10,EC,May
14,23,Tannat,red/orange,12,EC,May
14,24,Tannat,yellow,23,EC,May
14,25,Tannat,pink,14,EC,May
14,26,Tannat,red/orange,17,EC,May
15,33,Tinta Francisca,yellow,9,EC,May
15,34,Tinta Francisca,pink,7,EC,May
15,35,Tinta Francisca,pink,11,EC,May
15,36,Tinta Francisca,red/orange,10,EC,May
16,12,Tinta Francisca,pink,15,EC,May
16,13,Tinta Francisca,pink,16,EC,May
16,14,Tinta Francisca,red/orange,11,EC,May
16,16,Tinta Francisca,yellow,18,EC,May
16,17,Tannat,pink,0,EC,May
16,18,Tannat,red/orange,9,EC,May
16,19,Tannat,pink,26,EC,May
16,20,Tannat,yellow,34,EC,May
16,21,Tannat,yellow,24,EC,May
2,22,Albarino,yellow,50,EC,May
2,23,Albarino,yellow,49,EC,May
2,24,Albarino,yellow,40,EC,May
2,25,Albarino,pink,23,EC,May
3,17,Tinta Francisca,red/orange,19,EC,May
3,18,Tinta Francisca,red/orange,15,EC,May
3,19,Tinta Francisca,yellow,3,EC,May
3,20,Tinta Francisca,yellow,17,EC,May
3,21,Tinta Francisca,pink,11,EC,May
4,12,Albarino,pink,28,EC,May
4,13,Albarino,yellow,38,EC,May
4,14,Albarino,red/orange,35,EC,May
4,16,Albarino,red/orange,37,EC,May
4,23,Albarino,red/orange,51,EC,May
4,24,Albarino,yellow,38,EC,May
4,25,Albarino,red/orange,35,EC,May
4,26,Albarino,pink,37,EC,May
4,27,Tinta Francisca,pink,29,EC,May
4,28,Tinta Francisca,red/orange,24,EC,May
4,29,Tinta Francisca,red/orange,45,EC,May
4,30,Tinta Francisca,pink,21,EC,May
4,31,Tinta Francisca,yellow,5,EC,May
6,2,Albarino,yellow,50,EC,May
6,3,Albarino,pink,29,EC,May
6,4,Albarino,red/orange,40,EC,May
6,5,Albarino,pink,31,EC,May
6,6,Albarino,pink,26,EC,May
7,7,Albarino,pink,26,EC,May
7,8,Albarino,red/orange,39,EC,May
7,10,Albarino,red/orange,26,EC,May
7,32,Albarino,yellow,38,EC,May
7,33,Albarino,red/orange,4,EC,May
7,34,Albarino,yellow,63,EC,May
7,35,Albarino,red/orange,23,EC,May
7,36,Albarino,red/orange,43,EC,May
8,17,Albarino,red/orange,47,EC,May
8,18,Albarino,yellow,32,EC,May
8,19,Albarino,yellow,20,EC,May
8,21,Albarino,yellow,36,EC,May
8,22,Periquita,yellow,29,EC,May
8,27,Albarino,pink,32,EC,May
8,28,Albarino,yellow,27,EC,May
8,29,Albarino,pink,24,EC,May
8,30,Albarino,red/orange,34,EC,May
8,32,Tannat,red/orange,11,EC,May
8,33,Tannat,yellow,19,EC,May
8,34,Tannat,yellow,23,EC,May
8,35,Tannat,red/orange,27,EC,May
8,36,Tannat,yellow,14,EC,May
9,2,Tannat,red/orange,11,EC,May
9,4,Tannat,yellow,9,EC,May
9,6,Tannat,red/orange,10,EC,May
9,27,Tannat,red/orange,11,EC,May
9,28,Tannat,yellow,10,EC,May
9,29,Tannat,red/orange,7,EC,May
9,30,Tannat,red/orange,12,EC,May
9,31,Tannat,pink,10,EC,May
10,22,Tinta Francisca,pink,6,EC,May
10,23,Tinta Francisca,yellow,7,EC,May
10,24,Tinta Francisca,yellow,14,EC,May
10,25,Tinta Francisca,pink,14,EC,May
10,26,Tinta Francisca,yellow,28,EC,May
10,37,Tannat,yellow,18,EC,May
10,38,Tannat,pink,17,EC,May
10,39,Tannat,red/orange,20,EC,May
10,40,Tannat,red/orange,11,EC,May
10,41,Tannat,yellow,27,EC,May
11,2,Tinta Francisca,red/orange,18,EC,May
11,3,Tinta Francisca,yellow,22,EC,May
11,4,Tinta Francisca,yellow,20,EC,May
11,5,Tinta Francisca,red/orange,16,EC,May
11,6,Tinta Francisca,red/orange,10,EC,May
12,7,Tinta Francisca,red/orange,9,EC,May
12,8,Tinta Francisca,red/orange,11,EC,May
12,9,Tinta Francisca,yellow,13,EC,May
12,10,Tinta Francisca,yellow,11,EC,May
12,11,Tinta Francisca,yellow,31,EC,May
12,12,Tannat,yellow,8,EC,May
12,13,Tannat,pink,14,EC,May
12,14,Tannat,pink,28,EC,May
12,15,Tannat,yellow,7,EC,May
12,16,Tannat,red/orange,7,EC,May
13,38,Tinta Francisca,yellow,14,EC,May
13,39,Tinta Francisca,red/orange,10,EC,May
13,40,Tinta Francisca,red/orange,10,EC,May
13,41,Tinta Francisca,red/orange,20,EC,May
14,7,Tannat,pink,10,EC,May
14,8,Tannat,red/orange,2,EC,May
14,9,Tannat,yellow,12,EC,May
14,10,Tannat,pink,6,EC,May
14,11,Tannat,yellow,7,EC,May
14,22,Tannat,pink,14,EC,May
14,23,Tannat,red/orange,13,EC,May
14,24,Tannat,yellow,21,EC,May
14,25,Tannat,pink,15,EC,May
14,26,Tannat,red/orange,16,EC,May
15,33,Tinta Francisca,yellow,9,EC,May
15,34,Tinta Francisca,pink,6,EC,May
15,35,Tinta Francisca,pink,2,EC,May
15,36,Tinta Francisca,red/orange,10,EC,May
16,12,Tinta Francisca,pink,11,EC,May
16,13,Tinta Francisca,pink,13,EC,May
16,14,Tinta Francisca,red/orange,5,EC,May
16,16,Tinta Francisca,yellow,13,EC,May
16,17,Tannat,pink,0,EC,May
16,18,Tannat,red/orange,9,EC,May
16,19,Tannat,pink,6,EC,May
16,20,Tannat,yellow,42,EC,May
16,21,Tannat,yellow,11,EC,May
2,22,Albarino,yellow,65,E,May
2,23,Albarino,yellow,29,E,May
2,24,Albarino,yellow,34,E,May
2,25,Albarino,pink,40,E,May
3,17,Tinta Francisca,red/orange,6,E,May
3,18,Tinta Francisca,red/orange,10,E,May
3,19,Tinta Francisca,yellow,17,E,May
3,20,Tinta Francisca,yellow,16,E,May
3,21,Tinta Francisca,pink,23,E,May
4,12,Albarino,pink,21,E,May
4,13,Albarino,yellow,37,E,May
4,14,Albarino,red/orange,36,E,May
4,16,Albarino,red/orange,41,E,May
4,23,Albarino,red/orange,28,E,May
4,24,Albarino,yellow,37,E,May
4,25,Albarino,red/orange,36,E,May
4,26,Albarino,pink,41,E,May
4,27,Tinta Francisca,pink,10,E,May
4,28,Tinta Francisca,red/orange,29,E,May
4,29,Tinta Francisca,red/orange,0,E,May
4,30,Tinta Francisca,pink,21,E,May
4,31,Tinta Francisca,yellow,22,E,May
6,2,Albarino,yellow,12,E,May
6,3,Albarino,pink,25,E,May
6,4,Albarino,red/orange,30,E,May
6,5,Albarino,pink,46,E,May
6,6,Albarino,pink,21,E,May
7,7,Albarino,pink,33,E,May
7,8,Albarino,red/orange,36,E,May
7,10,Albarino,red/orange,20,E,May
7,32,Albarino,yellow,39,E,May
7,33,Albarino,red/orange,28,E,May
7,34,Albarino,yellow,33,E,May
7,35,Albarino,red/orange,36,E,May
7,36,Albarino,red/orange,10,E,May
8,17,Albarino,red/orange,49,E,May
8,18,Albarino,yellow,55,E,May
8,19,Albarino,yellow,38,E,May
8,21,Albarino,yellow,45,E,May
8,22,Periquita,yellow,29,E,May
8,27,Albarino,pink,18,E,May
8,28,Albarino,yellow,32,E,May
8,29,Albarino,pink,31,E,May
8,30,Albarino,red/orange,47,E,May
8,32,Tannat,red/orange,10,E,May
8,33,Tannat,yellow,22,E,May
8,34,Tannat,yellow,30,E,May
8,35,Tannat,red/orange,19,E,May
8,36,Tannat,yellow,7,E,May
9,2,Tannat,red/orange,11,E,May
9,4,Tannat,yellow,13,E,May
9,6,Tannat,red/orange,10,E,May
9,27,Tannat,red/orange,13,E,May
9,28,Tannat,yellow,4,E,May
9,29,Tannat,red/orange,9,E,May
9,30,Tannat,red/orange,17,E,May
9,31,Tannat,pink,8,E,May
10,22,Tinta Francisca,pink,8,E,May
10,23,Tinta Francisca,yellow,18,E,May
10,24,Tinta Francisca,yellow,22,E,May
10,25,Tinta Francisca,pink,19,E,May
10,26,Tinta Francisca,yellow,21,E,May
10,37,Tannat,yellow,14,E,May
10,38,Tannat,pink,9,E,May
10,39,Tannat,red/orange,6,E,May
10,40,Tannat,red/orange,24,E,May
10,41,Tannat,yellow,14,E,May
11,2,Tinta Francisca,red/orange,21,E,May
11,3,Tinta Francisca,yellow,27,E,May
11,4,Tinta Francisca,yellow,23,E,May
11,5,Tinta Francisca,red/orange,29,E,May
11,6,Tinta Francisca,red/orange,30,E,May
12,7,Tinta Francisca,red/orange,16,E,May
12,8,Tinta Francisca,red/orange,28,E,May
12,9,Tinta Francisca,yellow,12,E,May
12,10,Tinta Francisca,yellow,23,E,May
12,11,Tinta Francisca,yellow,48,E,May
12,12,Tannat,yellow,9,E,May
12,13,Tannat,pink,12,E,May
12,14,Tannat,pink,20,E,May
12,15,Tannat,yellow,15,E,May
12,16,Tannat,red/orange,0,E,May
13,38,Tinta Francisca,yellow,10,E,May
13,39,Tinta Francisca,red/orange,21,E,May
13,40,Tinta Francisca,red/orange,7,E,May
13,41,Tinta Francisca,red/orange,19,E,May
14,7,Tannat,pink,3,E,May
14,8,Tannat,red/orange,16,E,May
14,9,Tannat,yellow,10,E,May
14,10,Tannat,pink,14,E,May
14,11,Tannat,yellow,20,E,May
14,22,Tannat,pink,10,E,May
14,23,Tannat,red/orange,13,E,May
14,24,Tannat,yellow,6,E,May
14,25,Tannat,pink,16,E,May
14,26,Tannat,red/orange,11,E,May
15,33,Tinta Francisca,yellow,13,E,May
15,34,Tinta Francisca,pink,9,E,May
15,35,Tinta Francisca,pink,14,E,May
15,36,Tinta Francisca,red/orange,6,E,May
16,12,Tinta Francisca,pink,18,E,May
16,13,Tinta Francisca,pink,20,E,May
16,14,Tinta Francisca,red/orange,11,E,May
16,16,Tinta Francisca,yellow,13,E,May
16,17,Tannat,pink,0,E,May
16,18,Tannat,red/orange,16,E,May
16,19,Tannat,pink,0,E,May
16,20,Tannat,yellow,15,E,May
16,21,Tannat,yellow,25,E,May
2,22,Albarino,yellow,63,E,May
2,23,Albarino,yellow,35,E,May
2,24,Albarino,yellow,37,E,May
2,25,Albarino,pink,34,E,May
3,17,Tinta Francisca,red/orange,16,E,May
3,18,Tinta Francisca,red/orange,10,E,May
3,19,Tinta Francisca,yellow,15,E,May
3,20,Tinta Francisca,yellow,21,E,May
3,21,Tinta Francisca,pink,22,E,May
4,12,Albarino,pink,25,E,May
4,13,Albarino,yellow,35,E,May
4,14,Albarino,red/orange,22,E,May
4,16,Albarino,red/orange,40,E,May
4,23,Albarino,red/orange,45,E,May
4,24,Albarino,yellow,35,E,May
4,25,Albarino,red/orange,22,E,May
4,26,Albarino,pink,40,E,May
4,27,Tinta Francisca,pink,37,E,May
4,28,Tinta Francisca,red/orange,19,E,May
4,29,Tinta Francisca,red/orange,0,E,May
4,30,Tinta Francisca,pink,20,E,May
4,31,Tinta Francisca,yellow,15,E,May
6,2,Albarino,yellow,7,E,May
6,3,Albarino,pink,27,E,May
6,4,Albarino,red/orange,34,E,May
6,5,Albarino,pink,45,E,May
6,6,Albarino,pink,16,E,May
7,7,Albarino,pink,24,E,May
7,8,Albarino,red/orange,29,E,May
7,10,Albarino,red/orange,25,E,May
7,32,Albarino,yellow,37,E,May
7,33,Albarino,red/orange,35,E,May
7,34,Albarino,yellow,33,E,May
7,35,Albarino,red/orange,33,E,May
7,36,Albarino,red/orange,47,E,May
8,17,Albarino,red/orange,36,E,May
8,18,Albarino,yellow,32,E,May
8,19,Albarino,yellow,35,E,May
8,21,Albarino,yellow,38,E,May
8,22,Periquita,yellow,34,E,May
8,27,Albarino,pink,19,E,May
8,28,Albarino,yellow,29,E,May
8,29,Albarino,pink,26,E,May
8,30,Albarino,red/orange,19,E,May
8,32,Tannat,red/orange,8,E,May
8,33,Tannat,yellow,29,E,May
8,34,Tannat,yellow,18,E,May
8,35,Tannat,red/orange,32,E,May
8,36,Tannat,yellow,15,E,May
9,2,Tannat,red/orange,11,E,May
9,4,Tannat,yellow,7,E,May
9,6,Tannat,red/orange,11,E,May
9,27,Tannat,red/orange,15,E,May
9,28,Tannat,yellow,4,E,May
9,29,Tannat,red/orange,9,E,May
9,30,Tannat,red/orange,19,E,May
9,31,Tannat,pink,13,E,May
10,22,Tinta Francisca,pink,13,E,May
10,23,Tinta Francisca,yellow,6,E,May
10,24,Tinta Francisca,yellow,14,E,May
10,25,Tinta Francisca,pink,15,E,May
10,26,Tinta Francisca,yellow,20,E,May
10,37,Tannat,yellow,17,E,May
10,38,Tannat,pink,16,E,May
10,39,Tannat,red/orange,12,E,May
10,40,Tannat,red/orange,26,E,May
10,41,Tannat,yellow,12,E,May
11,2,Tinta Francisca,red/orange,23,E,May
11,3,Tinta Francisca,yellow,27,E,May
11,4,Tinta Francisca,yellow,17,E,May
11,5,Tinta Francisca,red/orange,11,E,May
11,6,Tinta Francisca,red/orange,16,E,May
12,7,Tinta Francisca,red/orange,18,E,May
12,8,Tinta Francisca,red/orange,18,E,May
NA,NA,NA,NA,NA,NA,May
12,10,Tinta Francisca,yellow,22,E,May
12,11,Tinta Francisca,yellow,29,E,May
12,12,Tannat,yellow,15,E,May
12,13,Tannat,pink,17,E,May
12,14,Tannat,pink,16,E,May
12,15,Tannat,yellow,5,E,May
12,16,Tannat,red/orange,0,E,May
13,38,Tinta Francisca,yellow,7,E,May
13,39,Tinta Francisca,red/orange,12,E,May
13,40,Tinta Francisca,red/orange,14,E,May
13,41,Tinta Francisca,red/orange,21,E,May
14,7,Tannat,pink,10,E,May
14,8,Tannat,red/orange,7,E,May
14,9,Tannat,yellow,8,E,May
14,10,Tannat,pink,13,E,May
14,11,Tannat,yellow,21,E,May
14,22,Tannat,pink,19,E,May
14,23,Tannat,red/orange,10,E,May
14,24,Tannat,yellow,7,E,May
14,25,Tannat,pink,16,E,May
14,26,Tannat,red/orange,9,E,May
15,33,Tinta Francisca,yellow,15,E,May
15,34,Tinta Francisca,pink,10,E,May
15,35,Tinta Francisca,pink,11,E,May
15,36,Tinta Francisca,red/orange,4,E,May
16,12,Tinta Francisca,pink,7,E,May
16,13,Tinta Francisca,pink,16,E,May
16,14,Tinta Francisca,red/orange,9,E,May
16,16,Tinta Francisca,yellow,17,E,May
16,17,Tannat,pink,0,E,May
16,18,Tannat,red/orange,17,E,May
16,19,Tannat,pink,0,E,May
16,20,Tannat,yellow,14,E,May
16,21,Tannat,yellow,20,E,May
2,22,Albarino,yellow,63,E,May
2,23,Albarino,yellow,35,E,May
2,24,Albarino,yellow,32,E,May
2,25,Albarino,pink,51,E,May
3,17,Tinta Francisca,red/orange,10,E,May
3,18,Tinta Francisca,red/orange,9,E,May
3,19,Tinta Francisca,yellow,18,E,May
3,20,Tinta Francisca,yellow,9,E,May
3,21,Tinta Francisca,pink,10,E,May
4,12,Albarino,pink,39,E,May
4,13,Albarino,yellow,62,E,May
4,14,Albarino,red/orange,31,E,May
4,16,Albarino,red/orange,61,E,May
4,23,Albarino,red/orange,30,E,May
4,24,Albarino,yellow,62,E,May
4,25,Albarino,red/orange,31,E,May
4,26,Albarino,pink,61,E,May
4,27,Tinta Francisca,pink,30,E,May
4,28,Tinta Francisca,red/orange,27,E,May
4,29,Tinta Francisca,red/orange,0,E,May
4,30,Tinta Francisca,pink,21,E,May
4,31,Tinta Francisca,yellow,21,E,May
6,2,Albarino,yellow,12,E,May
6,3,Albarino,pink,18,E,May
6,4,Albarino,red/orange,30,E,May
6,5,Albarino,pink,31,E,May
6,6,Albarino,pink,21,E,May
7,7,Albarino,pink,20,E,May
7,8,Albarino,red/orange,42,E,May
7,10,Albarino,red/orange,31,E,May
7,32,Albarino,yellow,35,E,May
7,33,Albarino,red/orange,38,E,May
7,34,Albarino,yellow,54,E,May
7,35,Albarino,red/orange,30,E,May
7,36,Albarino,red/orange,41,E,May
8,17,Albarino,red/orange,37,E,May
8,18,Albarino,yellow,27,E,May
8,19,Albarino,yellow,40,E,May
8,21,Albarino,yellow,31,E,May
8,22,Periquita,yellow,38,E,May
8,27,Albarino,pink,33,E,May
8,28,Albarino,yellow,29,E,May
8,29,Albarino,pink,27,E,May
8,30,Albarino,red/orange,44,E,May
8,32,Tannat,red/orange,12,E,May
8,33,Tannat,yellow,16,E,May
8,34,Tannat,yellow,37,E,May
8,35,Tannat,red/orange,9,E,May
8,36,Tannat,yellow,7,E,May
9,2,Tannat,red/orange,8,E,May
9,4,Tannat,yellow,11,E,May
9,6,Tannat,red/orange,15,E,May
9,27,Tannat,red/orange,5,E,May
9,28,Tannat,yellow,1,E,May
9,29,Tannat,red/orange,9,E,May
9,30,Tannat,red/orange,9,E,May
9,31,Tannat,pink,17,E,May
10,22,Tinta Francisca,pink,0,E,May
10,23,Tinta Francisca,yellow,12,E,May
10,24,Tinta Francisca,yellow,8,E,May
10,25,Tinta Francisca,pink,17,E,May
10,26,Tinta Francisca,yellow,9,E,May
10,37,Tannat,yellow,22,E,May
10,38,Tannat,pink,16,E,May
10,39,Tannat,red/orange,11,E,May
10,40,Tannat,red/orange,31,E,May
10,41,Tannat,yellow,18,E,May
11,2,Tinta Francisca,red/orange,10,E,May
11,3,Tinta Francisca,yellow,18,E,May
11,4,Tinta Francisca,yellow,9,E,May
11,5,Tinta Francisca,red/orange,8,E,May
11,6,Tinta Francisca,red/orange,4,E,May
12,7,Tinta Francisca,red/orange,6,E,May
12,8,Tinta Francisca,red/orange,9,E,May
12,9,Tinta Francisca,yellow,12,E,May
12,10,Tinta Francisca,yellow,15,E,May
12,11,Tinta Francisca,yellow,21,E,May
12,12,Tannat,yellow,13,E,May
12,13,Tannat,pink,15,E,May
12,14,Tannat,pink,12,E,May
12,15,Tannat,yellow,25,E,May
12,16,Tannat,red/orange,0,E,May
13,38,Tinta Francisca,yellow,14,E,May
13,39,Tinta Francisca,red/orange,8,E,May
13,40,Tinta Francisca,red/orange,8,E,May
13,41,Tinta Francisca,red/orange,20,E,May
14,7,Tannat,pink,11,E,May
14,8,Tannat,red/orange,4,E,May
14,9,Tannat,yellow,23,E,May
14,10,Tannat,pink,10,E,May
14,11,Tannat,yellow,6,E,May
14,22,Tannat,pink,17,E,May
14,23,Tannat,red/orange,12,E,May
14,24,Tannat,yellow,2,E,May
14,25,Tannat,pink,8,E,May
14,26,Tannat,red/orange,13,E,May
15,33,Tinta Francisca,yellow,18,E,May
15,34,Tinta Francisca,pink,8,E,May
15,35,Tinta Francisca,pink,8,E,May
15,36,Tinta Francisca,red/orange,13,E,May
16,12,Tinta Francisca,pink,23,E,May
16,13,Tinta Francisca,pink,8,E,May
16,14,Tinta Francisca,red/orange,9,E,May
16,16,Tinta Francisca,yellow,15,E,May
16,17,Tannat,pink,0,E,May
16,18,Tannat,red/orange,24,E,May
16,19,Tannat,pink,0,E,May
16,20,Tannat,yellow,25,E,May
16,21,Tannat,yellow,12,E,May